<?xml version="1.0" encoding="US-ASCII" standalone="yes"?><?mso-application progid="Excel.Sheet"?><Workbook xmlns="urn:schemas-microsoft-com:office:spreadsheet" xmlns:o="urn:schemas-microsoft-com:office:office" xmlns:x="urn:schemas-microsoft-com:office:excel" xmlns:ss="urn:schemas-microsoft-com:office:spreadsheet" xmlns:html="http://www.w3.org/TR/REC-html40"><DocumentProperties xmlns="urn:schemas-microsoft-com:office:office"><Author></Author><LastAuthor></LastAuthor><Created></Created><LastSaved></LastSaved><Company></Company><Version></Version></DocumentProperties><ExcelWorkbook  xmlns="urn:schemas-microsoft-com:office:excel"><ProtectStructure>False</ProtectStructure><ProtectWindows>False</ProtectWindows></ExcelWorkbook><Styles><Style ss:ID="Default" ss:Name="Normal"><Alignment ss:Vertical="Bottom"/><Borders/><Font ss:FontName="Calibri" ss:Size="10"/><Interior/><NumberFormat/><Protection/></Style><Style ss:ID="s1"><Font ss:FontName="Calibri" ss:Bold="1" ss:Size="12"/><NumberFormat/></Style><Style ss:ID="s21"><Alignment ss:Horizontal="Center" ss:Vertical="Bottom"/><NumberFormat/><Font ss:FontName="Calibri" ss:Size="10"/><Borders><Border ss:Position="Top" ss:LineStyle="Continuous" ss:Weight="1"/></Borders></Style><Style ss:ID="s22"><Alignment ss:Horizontal="Center" ss:Vertical="Bottom"/><Font ss:FontName="Calibri" ss:Size="10"/><NumberFormat/></Style><Style ss:ID="s23"><Alignment ss:Horizontal="Center" ss:Vertical="Bottom"/><NumberFormat/><Font ss:FontName="Calibri" ss:Size="10"/><Borders><Border ss:Position="Bottom" ss:LineStyle="Continuous" ss:Weight="1"/></Borders></Style><Style ss:ID="s24"><Font ss:FontName="Calibri" ss:Size="10"/><NumberFormat/></Style><Style ss:ID="s31"><Font ss:FontName="Calibri" ss:Size="10"/><Borders><Border ss:Position="Top" ss:LineStyle="Continuous" ss:Weight="1"/></Borders></Style><Style ss:ID="s32"><Font ss:FontName="Calibri" ss:Size="10"/><Borders/></Style><Style ss:ID="s33"><Font ss:FontName="Calibri" ss:Size="10"/><Borders><Border ss:Position="Bottom" ss:LineStyle="Continuous" ss:Weight="1"/></Borders></Style></Styles><Names></Names><Worksheet ss:Name="Sheet1"><Table ss:ExpandedColumnCount="25" ss:ExpandedRowCount="20" x:FullColumns="1" x:FullRows="1"><Column ss:AutoFitWidth="0" ss:Width="108"/><Column ss:AutoFitWidth="0" ss:Width="58"/><Column ss:AutoFitWidth="0" ss:Width="58"/><Column ss:AutoFitWidth="0" ss:Width="58"/><Column ss:AutoFitWidth="0" ss:Width="58"/><Column ss:AutoFitWidth="0" ss:Width="58"/><Column ss:AutoFitWidth="0" ss:Width="58"/><Column ss:AutoFitWidth="0" ss:Width="58"/><Column ss:AutoFitWidth="0" ss:Width="58"/><Column ss:AutoFitWidth="0" ss:Width="58"/><Column ss:AutoFitWidth="0" ss:Width="58"/><Column ss:AutoFitWidth="0" ss:Width="58"/><Column ss:AutoFitWidth="0" ss:Width="58"/><Column ss:AutoFitWidth="0" ss:Width="58"/><Column ss:AutoFitWidth="0" ss:Width="58"/><Column ss:AutoFitWidth="0" ss:Width="58"/><Column ss:AutoFitWidth="0" ss:Width="58"/><Column ss:AutoFitWidth="0" ss:Width="58"/><Column ss:AutoFitWidth="0" ss:Width="58"/><Column ss:AutoFitWidth="0" ss:Width="58"/><Column ss:AutoFitWidth="0" ss:Width="58"/><Column ss:AutoFitWidth="0" ss:Width="58"/><Column ss:AutoFitWidth="0" ss:Width="58"/><Column ss:AutoFitWidth="0" ss:Width="58"/><Column ss:AutoFitWidth="0" ss:Width="58"/><Row></Row><Row><Cell ss:StyleID="s31"><Data ss:Type="String"></Data></Cell><Cell ss:StyleID="s21"><Data ss:Type="String">(1)</Data></Cell><Cell ss:StyleID="s21"><Data ss:Type="String">(2)</Data></Cell><Cell ss:StyleID="s21"><Data ss:Type="String">(3)</Data></Cell><Cell ss:StyleID="s21"><Data ss:Type="String">(4)</Data></Cell><Cell ss:StyleID="s21"><Data ss:Type="String">(5)</Data></Cell><Cell ss:StyleID="s21"><Data ss:Type="String">(6)</Data></Cell><Cell ss:StyleID="s21"><Data ss:Type="String">(7)</Data></Cell><Cell ss:StyleID="s21"><Data ss:Type="String">(8)</Data></Cell><Cell ss:StyleID="s21"><Data ss:Type="String">(9)</Data></Cell><Cell ss:StyleID="s21"><Data ss:Type="String">(10)</Data></Cell><Cell ss:StyleID="s21"><Data ss:Type="String">(11)</Data></Cell><Cell ss:StyleID="s21"><Data ss:Type="String">(12)</Data></Cell><Cell ss:StyleID="s21"><Data ss:Type="String">(13)</Data></Cell><Cell ss:StyleID="s21"><Data ss:Type="String">(14)</Data></Cell><Cell ss:StyleID="s21"><Data ss:Type="String">(15)</Data></Cell><Cell ss:StyleID="s21"><Data ss:Type="String">(16)</Data></Cell><Cell ss:StyleID="s21"><Data ss:Type="String">(17)</Data></Cell><Cell ss:StyleID="s21"><Data ss:Type="String">(18)</Data></Cell><Cell ss:StyleID="s21"><Data ss:Type="String">(19)</Data></Cell><Cell ss:StyleID="s21"><Data ss:Type="String">(20)</Data></Cell><Cell ss:StyleID="s21"><Data ss:Type="String">(21)</Data></Cell><Cell ss:StyleID="s21"><Data ss:Type="String">(22)</Data></Cell><Cell ss:StyleID="s21"><Data ss:Type="String">(23)</Data></Cell><Cell ss:StyleID="s21"><Data ss:Type="String">(24)</Data></Cell></Row><Row><Cell ss:StyleID="s32"><Data ss:Type="String"></Data></Cell><Cell ss:StyleID="s22"><Data ss:Type="String">i</Data></Cell><Cell ss:StyleID="s22"><Data ss:Type="String">i</Data></Cell><Cell ss:StyleID="s22"><Data ss:Type="String">i</Data></Cell><Cell ss:StyleID="s22"><Data ss:Type="String">i</Data></Cell><Cell ss:StyleID="s22"><Data ss:Type="String">i</Data></Cell><Cell ss:StyleID="s22"><Data ss:Type="String">i</Data></Cell><Cell ss:StyleID="s22"><Data ss:Type="String">i</Data></Cell><Cell ss:StyleID="s22"><Data ss:Type="String">i</Data></Cell><Cell ss:StyleID="s22"><Data ss:Type="String">g</Data></Cell><Cell ss:StyleID="s22"><Data ss:Type="String">g</Data></Cell><Cell ss:StyleID="s22"><Data ss:Type="String">g</Data></Cell><Cell ss:StyleID="s22"><Data ss:Type="String">g</Data></Cell><Cell ss:StyleID="s22"><Data ss:Type="String">g</Data></Cell><Cell ss:StyleID="s22"><Data ss:Type="String">g</Data></Cell><Cell ss:StyleID="s22"><Data ss:Type="String">g</Data></Cell><Cell ss:StyleID="s22"><Data ss:Type="String">g</Data></Cell><Cell ss:StyleID="s22"><Data ss:Type="String">u</Data></Cell><Cell ss:StyleID="s22"><Data ss:Type="String">u</Data></Cell><Cell ss:StyleID="s22"><Data ss:Type="String">u</Data></Cell><Cell ss:StyleID="s22"><Data ss:Type="String">u</Data></Cell><Cell ss:StyleID="s22"><Data ss:Type="String">u</Data></Cell><Cell ss:StyleID="s22"><Data ss:Type="String">u</Data></Cell><Cell ss:StyleID="s22"><Data ss:Type="String">u</Data></Cell><Cell ss:StyleID="s22"><Data ss:Type="String">u</Data></Cell></Row><Row><Cell ss:StyleID="s32"><Data ss:Type="String">VARIABLES</Data></Cell><Cell ss:StyleID="s22"><Data ss:Type="String">h=8</Data></Cell><Cell ss:StyleID="s22"><Data ss:Type="String">h=7</Data></Cell><Cell ss:StyleID="s22"><Data ss:Type="String">h=6</Data></Cell><Cell ss:StyleID="s22"><Data ss:Type="String">h=5</Data></Cell><Cell ss:StyleID="s22"><Data ss:Type="String">h=4</Data></Cell><Cell ss:StyleID="s22"><Data ss:Type="String">h=3</Data></Cell><Cell ss:StyleID="s22"><Data ss:Type="String">h=2</Data></Cell><Cell ss:StyleID="s22"><Data ss:Type="String">h=1</Data></Cell><Cell ss:StyleID="s22"><Data ss:Type="String">h=8</Data></Cell><Cell ss:StyleID="s22"><Data ss:Type="String">h=7</Data></Cell><Cell ss:StyleID="s22"><Data ss:Type="String">h=6</Data></Cell><Cell ss:StyleID="s22"><Data ss:Type="String">h=5</Data></Cell><Cell ss:StyleID="s22"><Data ss:Type="String">h=4</Data></Cell><Cell ss:StyleID="s22"><Data ss:Type="String">h=3</Data></Cell><Cell ss:StyleID="s22"><Data ss:Type="String">h=2</Data></Cell><Cell ss:StyleID="s22"><Data ss:Type="String">h=1</Data></Cell><Cell ss:StyleID="s22"><Data ss:Type="String">h=8</Data></Cell><Cell ss:StyleID="s22"><Data ss:Type="String">h=7</Data></Cell><Cell ss:StyleID="s22"><Data ss:Type="String">h=6</Data></Cell><Cell ss:StyleID="s22"><Data ss:Type="String">h=5</Data></Cell><Cell ss:StyleID="s22"><Data ss:Type="String">h=4</Data></Cell><Cell ss:StyleID="s22"><Data ss:Type="String">h=3</Data></Cell><Cell ss:StyleID="s22"><Data ss:Type="String">h=2</Data></Cell><Cell ss:StyleID="s22"><Data ss:Type="String">h=1</Data></Cell></Row><Row><Cell ss:StyleID="s31"><Data ss:Type="String"></Data></Cell><Cell ss:StyleID="s21"><Data ss:Type="String"></Data></Cell><Cell ss:StyleID="s21"><Data ss:Type="String"></Data></Cell><Cell ss:StyleID="s21"><Data ss:Type="String"></Data></Cell><Cell ss:StyleID="s21"><Data ss:Type="String"></Data></Cell><Cell ss:StyleID="s21"><Data ss:Type="String"></Data></Cell><Cell ss:StyleID="s21"><Data ss:Type="String"></Data></Cell><Cell ss:StyleID="s21"><Data ss:Type="String"></Data></Cell><Cell ss:StyleID="s21"><Data ss:Type="String"></Data></Cell><Cell ss:StyleID="s21"><Data ss:Type="String"></Data></Cell><Cell ss:StyleID="s21"><Data ss:Type="String"></Data></Cell><Cell ss:StyleID="s21"><Data ss:Type="String"></Data></Cell><Cell ss:StyleID="s21"><Data ss:Type="String"></Data></Cell><Cell ss:StyleID="s21"><Data ss:Type="String"></Data></Cell><Cell ss:StyleID="s21"><Data ss:Type="String"></Data></Cell><Cell ss:StyleID="s21"><Data ss:Type="String"></Data></Cell><Cell ss:StyleID="s21"><Data ss:Type="String"></Data></Cell><Cell ss:StyleID="s21"><Data ss:Type="String"></Data></Cell><Cell ss:StyleID="s21"><Data ss:Type="String"></Data></Cell><Cell ss:StyleID="s21"><Data ss:Type="String"></Data></Cell><Cell ss:StyleID="s21"><Data ss:Type="String"></Data></Cell><Cell ss:StyleID="s21"><Data ss:Type="String"></Data></Cell><Cell ss:StyleID="s21"><Data ss:Type="String"></Data></Cell><Cell ss:StyleID="s21"><Data ss:Type="String"></Data></Cell><Cell ss:StyleID="s21"><Data ss:Type="String"></Data></Cell></Row><Row><Cell ss:StyleID="s32"><Data ss:Type="String">bin_all_i</Data></Cell><Cell ss:StyleID="s22"><Data ss:Type="String">-0.25*</Data></Cell><Cell ss:StyleID="s22"><Data ss:Type="String">0.19</Data></Cell><Cell ss:StyleID="s22"><Data ss:Type="String">0.41*</Data></Cell><Cell ss:StyleID="s22"><Data ss:Type="String">0.21</Data></Cell><Cell ss:StyleID="s22"><Data ss:Type="String">-0.08</Data></Cell><Cell ss:StyleID="s22"><Data ss:Type="String">0.09</Data></Cell><Cell ss:StyleID="s22"><Data ss:Type="String">-0.13*</Data></Cell><Cell ss:StyleID="s22"><Data ss:Type="String">0.00</Data></Cell><Cell ss:StyleID="s22"><Data ss:Type="String"></Data></Cell><Cell ss:StyleID="s22"><Data ss:Type="String"></Data></Cell><Cell ss:StyleID="s22"><Data ss:Type="String"></Data></Cell><Cell ss:StyleID="s22"><Data ss:Type="String"></Data></Cell><Cell ss:StyleID="s22"><Data ss:Type="String"></Data></Cell><Cell ss:StyleID="s22"><Data ss:Type="String"></Data></Cell><Cell ss:StyleID="s22"><Data ss:Type="String"></Data></Cell><Cell ss:StyleID="s22"><Data ss:Type="String"></Data></Cell><Cell ss:StyleID="s22"><Data ss:Type="String"></Data></Cell><Cell ss:StyleID="s22"><Data ss:Type="String"></Data></Cell><Cell ss:StyleID="s22"><Data ss:Type="String"></Data></Cell><Cell ss:StyleID="s22"><Data ss:Type="String"></Data></Cell><Cell ss:StyleID="s22"><Data ss:Type="String"></Data></Cell><Cell ss:StyleID="s22"><Data ss:Type="String"></Data></Cell><Cell ss:StyleID="s22"><Data ss:Type="String"></Data></Cell><Cell ss:StyleID="s22"><Data ss:Type="String"></Data></Cell></Row><Row><Cell ss:StyleID="s32"><Data ss:Type="String"></Data></Cell><Cell ss:StyleID="s22"><Data ss:Type="String">(0.09)</Data></Cell><Cell ss:StyleID="s22"><Data ss:Type="String">(0.15)</Data></Cell><Cell ss:StyleID="s22"><Data ss:Type="String">(0.18)</Data></Cell><Cell ss:StyleID="s22"><Data ss:Type="String">(0.21)</Data></Cell><Cell ss:StyleID="s22"><Data ss:Type="String">(0.07)</Data></Cell><Cell ss:StyleID="s22"><Data ss:Type="String">(0.05)</Data></Cell><Cell ss:StyleID="s22"><Data ss:Type="String">(0.06)</Data></Cell><Cell ss:StyleID="s22"><Data ss:Type="String">(0.12)</Data></Cell><Cell ss:StyleID="s22"><Data ss:Type="String"></Data></Cell><Cell ss:StyleID="s22"><Data ss:Type="String"></Data></Cell><Cell ss:StyleID="s22"><Data ss:Type="String"></Data></Cell><Cell ss:StyleID="s22"><Data ss:Type="String"></Data></Cell><Cell ss:StyleID="s22"><Data ss:Type="String"></Data></Cell><Cell ss:StyleID="s22"><Data ss:Type="String"></Data></Cell><Cell ss:StyleID="s22"><Data ss:Type="String"></Data></Cell><Cell ss:StyleID="s22"><Data ss:Type="String"></Data></Cell><Cell ss:StyleID="s22"><Data ss:Type="String"></Data></Cell><Cell ss:StyleID="s22"><Data ss:Type="String"></Data></Cell><Cell ss:StyleID="s22"><Data ss:Type="String"></Data></Cell><Cell ss:StyleID="s22"><Data ss:Type="String"></Data></Cell><Cell ss:StyleID="s22"><Data ss:Type="String"></Data></Cell><Cell ss:StyleID="s22"><Data ss:Type="String"></Data></Cell><Cell ss:StyleID="s22"><Data ss:Type="String"></Data></Cell><Cell ss:StyleID="s22"><Data ss:Type="String"></Data></Cell></Row><Row><Cell ss:StyleID="s32"><Data ss:Type="String">bin_all_g</Data></Cell><Cell ss:StyleID="s22"><Data ss:Type="String"></Data></Cell><Cell ss:StyleID="s22"><Data ss:Type="String"></Data></Cell><Cell ss:StyleID="s22"><Data ss:Type="String"></Data></Cell><Cell ss:StyleID="s22"><Data ss:Type="String"></Data></Cell><Cell ss:StyleID="s22"><Data ss:Type="String"></Data></Cell><Cell ss:StyleID="s22"><Data ss:Type="String"></Data></Cell><Cell ss:StyleID="s22"><Data ss:Type="String"></Data></Cell><Cell ss:StyleID="s22"><Data ss:Type="String"></Data></Cell><Cell ss:StyleID="s22"><Data ss:Type="String">0.03</Data></Cell><Cell ss:StyleID="s22"><Data ss:Type="String">0.02</Data></Cell><Cell ss:StyleID="s22"><Data ss:Type="String">-0.03</Data></Cell><Cell ss:StyleID="s22"><Data ss:Type="String">-0.03</Data></Cell><Cell ss:StyleID="s22"><Data ss:Type="String">-0.00</Data></Cell><Cell ss:StyleID="s22"><Data ss:Type="String">0.05</Data></Cell><Cell ss:StyleID="s22"><Data ss:Type="String">0.01</Data></Cell><Cell ss:StyleID="s22"><Data ss:Type="String">-0.05</Data></Cell><Cell ss:StyleID="s22"><Data ss:Type="String"></Data></Cell><Cell ss:StyleID="s22"><Data ss:Type="String"></Data></Cell><Cell ss:StyleID="s22"><Data ss:Type="String"></Data></Cell><Cell ss:StyleID="s22"><Data ss:Type="String"></Data></Cell><Cell ss:StyleID="s22"><Data ss:Type="String"></Data></Cell><Cell ss:StyleID="s22"><Data ss:Type="String"></Data></Cell><Cell ss:StyleID="s22"><Data ss:Type="String"></Data></Cell><Cell ss:StyleID="s22"><Data ss:Type="String"></Data></Cell></Row><Row><Cell ss:StyleID="s32"><Data ss:Type="String"></Data></Cell><Cell ss:StyleID="s22"><Data ss:Type="String"></Data></Cell><Cell ss:StyleID="s22"><Data ss:Type="String"></Data></Cell><Cell ss:StyleID="s22"><Data ss:Type="String"></Data></Cell><Cell ss:StyleID="s22"><Data ss:Type="String"></Data></Cell><Cell ss:StyleID="s22"><Data ss:Type="String"></Data></Cell><Cell ss:StyleID="s22"><Data ss:Type="String"></Data></Cell><Cell ss:StyleID="s22"><Data ss:Type="String"></Data></Cell><Cell ss:StyleID="s22"><Data ss:Type="String"></Data></Cell><Cell ss:StyleID="s22"><Data ss:Type="String">(0.05)</Data></Cell><Cell ss:StyleID="s22"><Data ss:Type="String">(0.04)</Data></Cell><Cell ss:StyleID="s22"><Data ss:Type="String">(0.09)</Data></Cell><Cell ss:StyleID="s22"><Data ss:Type="String">(0.05)</Data></Cell><Cell ss:StyleID="s22"><Data ss:Type="String">(0.13)</Data></Cell><Cell ss:StyleID="s22"><Data ss:Type="String">(0.05)</Data></Cell><Cell ss:StyleID="s22"><Data ss:Type="String">(0.06)</Data></Cell><Cell ss:StyleID="s22"><Data ss:Type="String">(0.04)</Data></Cell><Cell ss:StyleID="s22"><Data ss:Type="String"></Data></Cell><Cell ss:StyleID="s22"><Data ss:Type="String"></Data></Cell><Cell ss:StyleID="s22"><Data ss:Type="String"></Data></Cell><Cell ss:StyleID="s22"><Data ss:Type="String"></Data></Cell><Cell ss:StyleID="s22"><Data ss:Type="String"></Data></Cell><Cell ss:StyleID="s22"><Data ss:Type="String"></Data></Cell><Cell ss:StyleID="s22"><Data ss:Type="String"></Data></Cell><Cell ss:StyleID="s22"><Data ss:Type="String"></Data></Cell></Row><Row><Cell ss:StyleID="s32"><Data ss:Type="String">bin_all_u</Data></Cell><Cell ss:StyleID="s22"><Data ss:Type="String"></Data></Cell><Cell ss:StyleID="s22"><Data ss:Type="String"></Data></Cell><Cell ss:StyleID="s22"><Data ss:Type="String"></Data></Cell><Cell ss:StyleID="s22"><Data ss:Type="String"></Data></Cell><Cell ss:StyleID="s22"><Data ss:Type="String"></Data></Cell><Cell ss:StyleID="s22"><Data ss:Type="String"></Data></Cell><Cell ss:StyleID="s22"><Data ss:Type="String"></Data></Cell><Cell ss:StyleID="s22"><Data ss:Type="String"></Data></Cell><Cell ss:StyleID="s22"><Data ss:Type="String"></Data></Cell><Cell ss:StyleID="s22"><Data ss:Type="String"></Data></Cell><Cell ss:StyleID="s22"><Data ss:Type="String"></Data></Cell><Cell ss:StyleID="s22"><Data ss:Type="String"></Data></Cell><Cell ss:StyleID="s22"><Data ss:Type="String"></Data></Cell><Cell ss:StyleID="s22"><Data ss:Type="String"></Data></Cell><Cell ss:StyleID="s22"><Data ss:Type="String"></Data></Cell><Cell ss:StyleID="s22"><Data ss:Type="String"></Data></Cell><Cell ss:StyleID="s22"><Data ss:Type="String">0.32</Data></Cell><Cell ss:StyleID="s22"><Data ss:Type="String">0.57*</Data></Cell><Cell ss:StyleID="s22"><Data ss:Type="String">0.17</Data></Cell><Cell ss:StyleID="s22"><Data ss:Type="String">0.05</Data></Cell><Cell ss:StyleID="s22"><Data ss:Type="String">0.10</Data></Cell><Cell ss:StyleID="s22"><Data ss:Type="String">0.39</Data></Cell><Cell ss:StyleID="s22"><Data ss:Type="String">0.10</Data></Cell><Cell ss:StyleID="s22"><Data ss:Type="String">0.03</Data></Cell></Row><Row><Cell ss:StyleID="s32"><Data ss:Type="String"></Data></Cell><Cell ss:StyleID="s22"><Data ss:Type="String"></Data></Cell><Cell ss:StyleID="s22"><Data ss:Type="String"></Data></Cell><Cell ss:StyleID="s22"><Data ss:Type="String"></Data></Cell><Cell ss:StyleID="s22"><Data ss:Type="String"></Data></Cell><Cell ss:StyleID="s22"><Data ss:Type="String"></Data></Cell><Cell ss:StyleID="s22"><Data ss:Type="String"></Data></Cell><Cell ss:StyleID="s22"><Data ss:Type="String"></Data></Cell><Cell ss:StyleID="s22"><Data ss:Type="String"></Data></Cell><Cell ss:StyleID="s22"><Data ss:Type="String"></Data></Cell><Cell ss:StyleID="s22"><Data ss:Type="String"></Data></Cell><Cell ss:StyleID="s22"><Data ss:Type="String"></Data></Cell><Cell ss:StyleID="s22"><Data ss:Type="String"></Data></Cell><Cell ss:StyleID="s22"><Data ss:Type="String"></Data></Cell><Cell ss:StyleID="s22"><Data ss:Type="String"></Data></Cell><Cell ss:StyleID="s22"><Data ss:Type="String"></Data></Cell><Cell ss:StyleID="s22"><Data ss:Type="String"></Data></Cell><Cell ss:StyleID="s22"><Data ss:Type="String">(0.24)</Data></Cell><Cell ss:StyleID="s22"><Data ss:Type="String">(0.22)</Data></Cell><Cell ss:StyleID="s22"><Data ss:Type="String">(0.15)</Data></Cell><Cell ss:StyleID="s22"><Data ss:Type="String">(0.18)</Data></Cell><Cell ss:StyleID="s22"><Data ss:Type="String">(0.11)</Data></Cell><Cell ss:StyleID="s22"><Data ss:Type="String">(0.21)</Data></Cell><Cell ss:StyleID="s22"><Data ss:Type="String">(0.06)</Data></Cell><Cell ss:StyleID="s22"><Data ss:Type="String">(0.06)</Data></Cell></Row><Row><Cell ss:StyleID="s32"><Data ss:Type="String">Constant</Data></Cell><Cell ss:StyleID="s22"><Data ss:Type="String">0.46*</Data></Cell><Cell ss:StyleID="s22"><Data ss:Type="String">0.58*</Data></Cell><Cell ss:StyleID="s22"><Data ss:Type="String">0.54*</Data></Cell><Cell ss:StyleID="s22"><Data ss:Type="String">0.41*</Data></Cell><Cell ss:StyleID="s22"><Data ss:Type="String">0.32*</Data></Cell><Cell ss:StyleID="s22"><Data ss:Type="String">0.45*</Data></Cell><Cell ss:StyleID="s22"><Data ss:Type="String">0.16*</Data></Cell><Cell ss:StyleID="s22"><Data ss:Type="String">0.15*</Data></Cell><Cell ss:StyleID="s22"><Data ss:Type="String">0.33*</Data></Cell><Cell ss:StyleID="s22"><Data ss:Type="String">0.42*</Data></Cell><Cell ss:StyleID="s22"><Data ss:Type="String">0.37*</Data></Cell><Cell ss:StyleID="s22"><Data ss:Type="String">1.22*</Data></Cell><Cell ss:StyleID="s22"><Data ss:Type="String">0.25*</Data></Cell><Cell ss:StyleID="s22"><Data ss:Type="String">0.30*</Data></Cell><Cell ss:StyleID="s22"><Data ss:Type="String">0.12*</Data></Cell><Cell ss:StyleID="s22"><Data ss:Type="String">0.33*</Data></Cell><Cell ss:StyleID="s22"><Data ss:Type="String">0.78*</Data></Cell><Cell ss:StyleID="s22"><Data ss:Type="String">0.81*</Data></Cell><Cell ss:StyleID="s22"><Data ss:Type="String">5.17*</Data></Cell><Cell ss:StyleID="s22"><Data ss:Type="String">0.87*</Data></Cell><Cell ss:StyleID="s22"><Data ss:Type="String">0.34*</Data></Cell><Cell ss:StyleID="s22"><Data ss:Type="String">0.17*</Data></Cell><Cell ss:StyleID="s22"><Data ss:Type="String">4.78*</Data></Cell><Cell ss:StyleID="s22"><Data ss:Type="String">0.02*</Data></Cell></Row><Row><Cell ss:StyleID="s32"><Data ss:Type="String"></Data></Cell><Cell ss:StyleID="s22"><Data ss:Type="String">(0.05)</Data></Cell><Cell ss:StyleID="s22"><Data ss:Type="String">(0.06)</Data></Cell><Cell ss:StyleID="s22"><Data ss:Type="String">(0.06)</Data></Cell><Cell ss:StyleID="s22"><Data ss:Type="String">(0.05)</Data></Cell><Cell ss:StyleID="s22"><Data ss:Type="String">(0.05)</Data></Cell><Cell ss:StyleID="s22"><Data ss:Type="String">(0.03)</Data></Cell><Cell ss:StyleID="s22"><Data ss:Type="String">(0.08)</Data></Cell><Cell ss:StyleID="s22"><Data ss:Type="String">(0.05)</Data></Cell><Cell ss:StyleID="s22"><Data ss:Type="String">(0.03)</Data></Cell><Cell ss:StyleID="s22"><Data ss:Type="String">(0.05)</Data></Cell><Cell ss:StyleID="s22"><Data ss:Type="String">(0.05)</Data></Cell><Cell ss:StyleID="s22"><Data ss:Type="String">(0.06)</Data></Cell><Cell ss:StyleID="s22"><Data ss:Type="String">(0.06)</Data></Cell><Cell ss:StyleID="s22"><Data ss:Type="String">(0.03)</Data></Cell><Cell ss:StyleID="s22"><Data ss:Type="String">(0.02)</Data></Cell><Cell ss:StyleID="s22"><Data ss:Type="String">(0.05)</Data></Cell><Cell ss:StyleID="s22"><Data ss:Type="String">(0.04)</Data></Cell><Cell ss:StyleID="s22"><Data ss:Type="String">(0.08)</Data></Cell><Cell ss:StyleID="s22"><Data ss:Type="String">(0.14)</Data></Cell><Cell ss:StyleID="s22"><Data ss:Type="String">(0.03)</Data></Cell><Cell ss:StyleID="s22"><Data ss:Type="String">(0.04)</Data></Cell><Cell ss:StyleID="s22"><Data ss:Type="String">(0.03)</Data></Cell><Cell ss:StyleID="s22"><Data ss:Type="String">(0.02)</Data></Cell><Cell ss:StyleID="s22"><Data ss:Type="String">(0.01)</Data></Cell></Row><Row><Cell ss:StyleID="s32"><Data ss:Type="String"></Data></Cell><Cell ss:StyleID="s22"><Data ss:Type="String"></Data></Cell><Cell ss:StyleID="s22"><Data ss:Type="String"></Data></Cell><Cell ss:StyleID="s22"><Data ss:Type="String"></Data></Cell><Cell ss:StyleID="s22"><Data ss:Type="String"></Data></Cell><Cell ss:StyleID="s22"><Data ss:Type="String"></Data></Cell><Cell ss:StyleID="s22"><Data ss:Type="String"></Data></Cell><Cell ss:StyleID="s22"><Data ss:Type="String"></Data></Cell><Cell ss:StyleID="s22"><Data ss:Type="String"></Data></Cell><Cell ss:StyleID="s22"><Data ss:Type="String"></Data></Cell><Cell ss:StyleID="s22"><Data ss:Type="String"></Data></Cell><Cell ss:StyleID="s22"><Data ss:Type="String"></Data></Cell><Cell ss:StyleID="s22"><Data ss:Type="String"></Data></Cell><Cell ss:StyleID="s22"><Data ss:Type="String"></Data></Cell><Cell ss:StyleID="s22"><Data ss:Type="String"></Data></Cell><Cell ss:StyleID="s22"><Data ss:Type="String"></Data></Cell><Cell ss:StyleID="s22"><Data ss:Type="String"></Data></Cell><Cell ss:StyleID="s22"><Data ss:Type="String"></Data></Cell><Cell ss:StyleID="s22"><Data ss:Type="String"></Data></Cell><Cell ss:StyleID="s22"><Data ss:Type="String"></Data></Cell><Cell ss:StyleID="s22"><Data ss:Type="String"></Data></Cell><Cell ss:StyleID="s22"><Data ss:Type="String"></Data></Cell><Cell ss:StyleID="s22"><Data ss:Type="String"></Data></Cell><Cell ss:StyleID="s22"><Data ss:Type="String"></Data></Cell><Cell ss:StyleID="s22"><Data ss:Type="String"></Data></Cell></Row><Row><Cell ss:StyleID="s32"><Data ss:Type="String">Observations</Data></Cell><Cell ss:StyleID="s22"><Data ss:Type="String">626</Data></Cell><Cell ss:StyleID="s22"><Data ss:Type="String">654</Data></Cell><Cell ss:StyleID="s22"><Data ss:Type="String">635</Data></Cell><Cell ss:StyleID="s22"><Data ss:Type="String">663</Data></Cell><Cell ss:StyleID="s22"><Data ss:Type="String">654</Data></Cell><Cell ss:StyleID="s22"><Data ss:Type="String">662</Data></Cell><Cell ss:StyleID="s22"><Data ss:Type="String">637</Data></Cell><Cell ss:StyleID="s22"><Data ss:Type="String">657</Data></Cell><Cell ss:StyleID="s22"><Data ss:Type="String">652</Data></Cell><Cell ss:StyleID="s22"><Data ss:Type="String">676</Data></Cell><Cell ss:StyleID="s22"><Data ss:Type="String">654</Data></Cell><Cell ss:StyleID="s22"><Data ss:Type="String">685</Data></Cell><Cell ss:StyleID="s22"><Data ss:Type="String">677</Data></Cell><Cell ss:StyleID="s22"><Data ss:Type="String">685</Data></Cell><Cell ss:StyleID="s22"><Data ss:Type="String">659</Data></Cell><Cell ss:StyleID="s22"><Data ss:Type="String">680</Data></Cell><Cell ss:StyleID="s22"><Data ss:Type="String">263</Data></Cell><Cell ss:StyleID="s22"><Data ss:Type="String">255</Data></Cell><Cell ss:StyleID="s22"><Data ss:Type="String">257</Data></Cell><Cell ss:StyleID="s22"><Data ss:Type="String">264</Data></Cell><Cell ss:StyleID="s22"><Data ss:Type="String">258</Data></Cell><Cell ss:StyleID="s22"><Data ss:Type="String">251</Data></Cell><Cell ss:StyleID="s22"><Data ss:Type="String">254</Data></Cell><Cell ss:StyleID="s22"><Data ss:Type="String">254</Data></Cell></Row><Row><Cell ss:StyleID="s32"><Data ss:Type="String">R-squared</Data></Cell><Cell ss:StyleID="s22"><Data ss:Type="String">0.25</Data></Cell><Cell ss:StyleID="s22"><Data ss:Type="String">0.23</Data></Cell><Cell ss:StyleID="s22"><Data ss:Type="String">0.37</Data></Cell><Cell ss:StyleID="s22"><Data ss:Type="String">0.22</Data></Cell><Cell ss:StyleID="s22"><Data ss:Type="String">0.16</Data></Cell><Cell ss:StyleID="s22"><Data ss:Type="String">0.12</Data></Cell><Cell ss:StyleID="s22"><Data ss:Type="String">0.13</Data></Cell><Cell ss:StyleID="s22"><Data ss:Type="String">0.06</Data></Cell><Cell ss:StyleID="s22"><Data ss:Type="String">0.86</Data></Cell><Cell ss:StyleID="s22"><Data ss:Type="String">0.86</Data></Cell><Cell ss:StyleID="s22"><Data ss:Type="String">0.86</Data></Cell><Cell ss:StyleID="s22"><Data ss:Type="String">0.69</Data></Cell><Cell ss:StyleID="s22"><Data ss:Type="String">0.48</Data></Cell><Cell ss:StyleID="s22"><Data ss:Type="String">0.52</Data></Cell><Cell ss:StyleID="s22"><Data ss:Type="String">0.24</Data></Cell><Cell ss:StyleID="s22"><Data ss:Type="String">0.06</Data></Cell><Cell ss:StyleID="s22"><Data ss:Type="String">0.88</Data></Cell><Cell ss:StyleID="s22"><Data ss:Type="String">0.92</Data></Cell><Cell ss:StyleID="s22"><Data ss:Type="String">0.91</Data></Cell><Cell ss:StyleID="s22"><Data ss:Type="String">0.92</Data></Cell><Cell ss:StyleID="s22"><Data ss:Type="String">0.94</Data></Cell><Cell ss:StyleID="s22"><Data ss:Type="String">0.98</Data></Cell><Cell ss:StyleID="s22"><Data ss:Type="String">0.97</Data></Cell><Cell ss:StyleID="s22"><Data ss:Type="String">0.98</Data></Cell></Row><Row><Cell ss:StyleID="s32"><Data ss:Type="String">TFE</Data></Cell><Cell ss:StyleID="s22"><Data ss:Type="String">yes</Data></Cell><Cell ss:StyleID="s22"><Data ss:Type="String">yes</Data></Cell><Cell ss:StyleID="s22"><Data ss:Type="String">yes</Data></Cell><Cell ss:StyleID="s22"><Data ss:Type="String">yes</Data></Cell><Cell ss:StyleID="s22"><Data ss:Type="String">yes</Data></Cell><Cell ss:StyleID="s22"><Data ss:Type="String">yes</Data></Cell><Cell ss:StyleID="s22"><Data ss:Type="String">yes</Data></Cell><Cell ss:StyleID="s22"><Data ss:Type="String">yes</Data></Cell><Cell ss:StyleID="s22"><Data ss:Type="String">yes</Data></Cell><Cell ss:StyleID="s22"><Data ss:Type="String">yes</Data></Cell><Cell ss:StyleID="s22"><Data ss:Type="String">yes</Data></Cell><Cell ss:StyleID="s22"><Data ss:Type="String">yes</Data></Cell><Cell ss:StyleID="s22"><Data ss:Type="String">yes</Data></Cell><Cell ss:StyleID="s22"><Data ss:Type="String">yes</Data></Cell><Cell ss:StyleID="s22"><Data ss:Type="String">yes</Data></Cell><Cell ss:StyleID="s22"><Data ss:Type="String">yes</Data></Cell><Cell ss:StyleID="s22"><Data ss:Type="String">yes</Data></Cell><Cell ss:StyleID="s22"><Data ss:Type="String">yes</Data></Cell><Cell ss:StyleID="s22"><Data ss:Type="String">yes</Data></Cell><Cell ss:StyleID="s22"><Data ss:Type="String">yes</Data></Cell><Cell ss:StyleID="s22"><Data ss:Type="String">yes</Data></Cell><Cell ss:StyleID="s22"><Data ss:Type="String">yes</Data></Cell><Cell ss:StyleID="s22"><Data ss:Type="String">yes</Data></Cell><Cell ss:StyleID="s22"><Data ss:Type="String">yes</Data></Cell></Row><Row><Cell ss:StyleID="s33"><Data ss:Type="String">Share non-rounders</Data></Cell><Cell ss:StyleID="s23"><Data ss:Type="String">1.28</Data></Cell><Cell ss:StyleID="s23"><Data ss:Type="String">1.68</Data></Cell><Cell ss:StyleID="s23"><Data ss:Type="String">1.57</Data></Cell><Cell ss:StyleID="s23"><Data ss:Type="String">1.21</Data></Cell><Cell ss:StyleID="s23"><Data ss:Type="String">1.38</Data></Cell><Cell ss:StyleID="s23"><Data ss:Type="String">2.27</Data></Cell><Cell ss:StyleID="s23"><Data ss:Type="String">2.35</Data></Cell><Cell ss:StyleID="s23"><Data ss:Type="String">1.37</Data></Cell><Cell ss:StyleID="s23"><Data ss:Type="String">1.07</Data></Cell><Cell ss:StyleID="s23"><Data ss:Type="String">1.78</Data></Cell><Cell ss:StyleID="s23"><Data ss:Type="String">2.14</Data></Cell><Cell ss:StyleID="s23"><Data ss:Type="String">1.17</Data></Cell><Cell ss:StyleID="s23"><Data ss:Type="String">1.48</Data></Cell><Cell ss:StyleID="s23"><Data ss:Type="String">1.90</Data></Cell><Cell ss:StyleID="s23"><Data ss:Type="String">1.67</Data></Cell><Cell ss:StyleID="s23"><Data ss:Type="String">2.21</Data></Cell><Cell ss:StyleID="s23"><Data ss:Type="String">3.04</Data></Cell><Cell ss:StyleID="s23"><Data ss:Type="String">4.31</Data></Cell><Cell ss:StyleID="s23"><Data ss:Type="String">6.23</Data></Cell><Cell ss:StyleID="s23"><Data ss:Type="String">3.41</Data></Cell><Cell ss:StyleID="s23"><Data ss:Type="String">5.04</Data></Cell><Cell ss:StyleID="s23"><Data ss:Type="String">3.59</Data></Cell><Cell ss:StyleID="s23"><Data ss:Type="String">5.51</Data></Cell><Cell ss:StyleID="s23"><Data ss:Type="String">3.15</Data></Cell></Row><Row><Cell ss:StyleID="s24"><Data ss:Type="String">Standard errors in parentheses</Data></Cell></Row><Row><Cell ss:StyleID="s24"><Data ss:Type="String">* p&lt;0.05</Data></Cell></Row></Table><WorksheetOptions xmlns="urn:schemas-microsoft-com:office:excel"><ProtectedObjects>False</ProtectedObjects><ProtectedScenarios>False</ProtectedScenarios></WorksheetOptions></Worksheet></Workbook>