<?xml version="1.0" encoding="US-ASCII" standalone="yes"?><?mso-application progid="Excel.Sheet"?><Workbook xmlns="urn:schemas-microsoft-com:office:spreadsheet" xmlns:o="urn:schemas-microsoft-com:office:office" xmlns:x="urn:schemas-microsoft-com:office:excel" xmlns:ss="urn:schemas-microsoft-com:office:spreadsheet" xmlns:html="http://www.w3.org/TR/REC-html40"><DocumentProperties xmlns="urn:schemas-microsoft-com:office:office"><Author></Author><LastAuthor></LastAuthor><Created></Created><LastSaved></LastSaved><Company></Company><Version></Version></DocumentProperties><ExcelWorkbook  xmlns="urn:schemas-microsoft-com:office:excel"><ProtectStructure>False</ProtectStructure><ProtectWindows>False</ProtectWindows></ExcelWorkbook><Styles><Style ss:ID="Default" ss:Name="Normal"><Alignment ss:Vertical="Bottom"/><Borders/><Font ss:FontName="Calibri" ss:Size="10"/><Interior/><NumberFormat/><Protection/></Style><Style ss:ID="s1"><Font ss:FontName="Calibri" ss:Bold="1" ss:Size="12"/><NumberFormat/></Style><Style ss:ID="s21"><Alignment ss:Horizontal="Center" ss:Vertical="Bottom"/><NumberFormat/><Font ss:FontName="Calibri" ss:Size="10"/><Borders><Border ss:Position="Top" ss:LineStyle="Continuous" ss:Weight="1"/></Borders></Style><Style ss:ID="s22"><Alignment ss:Horizontal="Center" ss:Vertical="Bottom"/><Font ss:FontName="Calibri" ss:Size="10"/><NumberFormat/></Style><Style ss:ID="s23"><Alignment ss:Horizontal="Center" ss:Vertical="Bottom"/><NumberFormat/><Font ss:FontName="Calibri" ss:Size="10"/><Borders><Border ss:Position="Bottom" ss:LineStyle="Continuous" ss:Weight="1"/></Borders></Style><Style ss:ID="s24"><Font ss:FontName="Calibri" ss:Size="10"/><NumberFormat/></Style><Style ss:ID="s31"><Font ss:FontName="Calibri" ss:Size="10"/><Borders><Border ss:Position="Top" ss:LineStyle="Continuous" ss:Weight="1"/></Borders></Style><Style ss:ID="s32"><Font ss:FontName="Calibri" ss:Size="10"/><Borders/></Style><Style ss:ID="s33"><Font ss:FontName="Calibri" ss:Size="10"/><Borders><Border ss:Position="Bottom" ss:LineStyle="Continuous" ss:Weight="1"/></Borders></Style></Styles><Names></Names><Worksheet ss:Name="Sheet1"><Table ss:ExpandedColumnCount="11" ss:ExpandedRowCount="30" x:FullColumns="1" x:FullRows="1"><Column ss:AutoFitWidth="0" ss:Width="78"/><Column ss:AutoFitWidth="0" ss:Width="58"/><Column ss:AutoFitWidth="0" ss:Width="58"/><Column ss:AutoFitWidth="0" ss:Width="58"/><Column ss:AutoFitWidth="0" ss:Width="58"/><Column ss:AutoFitWidth="0" ss:Width="58"/><Column ss:AutoFitWidth="0" ss:Width="58"/><Column ss:AutoFitWidth="0" ss:Width="58"/><Column ss:AutoFitWidth="0" ss:Width="58"/><Column ss:AutoFitWidth="0" ss:Width="58"/><Column ss:AutoFitWidth="0" ss:Width="58"/><Row></Row><Row><Cell ss:StyleID="s1"><Data ss:Type="String">Pooled regressions for differences in histogram characteristics</Data></Cell></Row><Row><Cell ss:StyleID="s31"><Data ss:Type="String"></Data></Cell><Cell ss:StyleID="s21"><Data ss:Type="String">(1)</Data></Cell><Cell ss:StyleID="s21"><Data ss:Type="String">(2)</Data></Cell><Cell ss:StyleID="s21"><Data ss:Type="String">(3)</Data></Cell><Cell ss:StyleID="s21"><Data ss:Type="String">(4)</Data></Cell><Cell ss:StyleID="s21"><Data ss:Type="String">(5)</Data></Cell><Cell ss:StyleID="s21"><Data ss:Type="String">(6)</Data></Cell><Cell ss:StyleID="s21"><Data ss:Type="String">(7)</Data></Cell><Cell ss:StyleID="s21"><Data ss:Type="String">(8)</Data></Cell><Cell ss:StyleID="s21"><Data ss:Type="String">(9)</Data></Cell><Cell ss:StyleID="s21"><Data ss:Type="String">(10)</Data></Cell></Row><Row><Cell ss:StyleID="s32"><Data ss:Type="String">VARIABLES</Data></Cell><Cell ss:StyleID="s22"><Data ss:Type="String">nbins_i</Data></Cell><Cell ss:StyleID="s22"><Data ss:Type="String">nbins_i</Data></Cell><Cell ss:StyleID="s22"><Data ss:Type="String">variance_i</Data></Cell><Cell ss:StyleID="s22"><Data ss:Type="String">variance_i</Data></Cell><Cell ss:StyleID="s22"><Data ss:Type="String">variance_beta_i</Data></Cell><Cell ss:StyleID="s22"><Data ss:Type="String">variance_beta_i</Data></Cell><Cell ss:StyleID="s22"><Data ss:Type="String">abserr_i</Data></Cell><Cell ss:StyleID="s22"><Data ss:Type="String">abserr_i</Data></Cell><Cell ss:StyleID="s22"><Data ss:Type="String">sqerr_i</Data></Cell><Cell ss:StyleID="s22"><Data ss:Type="String">sqerr_i</Data></Cell></Row><Row><Cell ss:StyleID="s31"><Data ss:Type="String"></Data></Cell><Cell ss:StyleID="s21"><Data ss:Type="String"></Data></Cell><Cell ss:StyleID="s21"><Data ss:Type="String"></Data></Cell><Cell ss:StyleID="s21"><Data ss:Type="String"></Data></Cell><Cell ss:StyleID="s21"><Data ss:Type="String"></Data></Cell><Cell ss:StyleID="s21"><Data ss:Type="String"></Data></Cell><Cell ss:StyleID="s21"><Data ss:Type="String"></Data></Cell><Cell ss:StyleID="s21"><Data ss:Type="String"></Data></Cell><Cell ss:StyleID="s21"><Data ss:Type="String"></Data></Cell><Cell ss:StyleID="s21"><Data ss:Type="String"></Data></Cell><Cell ss:StyleID="s21"><Data ss:Type="String"></Data></Cell></Row><Row><Cell ss:StyleID="s32"><Data ss:Type="String">bin_m5_i</Data></Cell><Cell ss:StyleID="s22"><Data ss:Type="String">2.47</Data></Cell><Cell ss:StyleID="s22"><Data ss:Type="String">1.34</Data></Cell><Cell ss:StyleID="s22"><Data ss:Type="String">0.12</Data></Cell><Cell ss:StyleID="s22"><Data ss:Type="String">0.06</Data></Cell><Cell ss:StyleID="s22"><Data ss:Type="String">0.09</Data></Cell><Cell ss:StyleID="s22"><Data ss:Type="String">0.04</Data></Cell><Cell ss:StyleID="s22"><Data ss:Type="String">0.03</Data></Cell><Cell ss:StyleID="s22"><Data ss:Type="String">0.05</Data></Cell><Cell ss:StyleID="s22"><Data ss:Type="String">0.05</Data></Cell><Cell ss:StyleID="s22"><Data ss:Type="String">0.09</Data></Cell></Row><Row><Cell ss:StyleID="s32"><Data ss:Type="String"></Data></Cell><Cell ss:StyleID="s22"><Data ss:Type="String">(0.20)</Data></Cell><Cell ss:StyleID="s22"><Data ss:Type="String">(0.20)</Data></Cell><Cell ss:StyleID="s22"><Data ss:Type="String">(0.02)</Data></Cell><Cell ss:StyleID="s22"><Data ss:Type="String">(0.02)</Data></Cell><Cell ss:StyleID="s22"><Data ss:Type="String">(0.02)</Data></Cell><Cell ss:StyleID="s22"><Data ss:Type="String">(0.02)</Data></Cell><Cell ss:StyleID="s22"><Data ss:Type="String">(0.02)</Data></Cell><Cell ss:StyleID="s22"><Data ss:Type="String">(0.02)</Data></Cell><Cell ss:StyleID="s22"><Data ss:Type="String">(0.03)</Data></Cell><Cell ss:StyleID="s22"><Data ss:Type="String">(0.03)</Data></Cell></Row><Row><Cell ss:StyleID="s32"><Data ss:Type="String">ia_2</Data></Cell><Cell ss:StyleID="s22"><Data ss:Type="String">0.36</Data></Cell><Cell ss:StyleID="s22"><Data ss:Type="String">0.42</Data></Cell><Cell ss:StyleID="s22"><Data ss:Type="String">0.01</Data></Cell><Cell ss:StyleID="s22"><Data ss:Type="String">0.02</Data></Cell><Cell ss:StyleID="s22"><Data ss:Type="String">0.01</Data></Cell><Cell ss:StyleID="s22"><Data ss:Type="String">0.02</Data></Cell><Cell ss:StyleID="s22"><Data ss:Type="String">-0.05</Data></Cell><Cell ss:StyleID="s22"><Data ss:Type="String">-0.04</Data></Cell><Cell ss:StyleID="s22"><Data ss:Type="String">-0.05</Data></Cell><Cell ss:StyleID="s22"><Data ss:Type="String">-0.04</Data></Cell></Row><Row><Cell ss:StyleID="s32"><Data ss:Type="String"></Data></Cell><Cell ss:StyleID="s22"><Data ss:Type="String">(0.23)</Data></Cell><Cell ss:StyleID="s22"><Data ss:Type="String">(0.21)</Data></Cell><Cell ss:StyleID="s22"><Data ss:Type="String">(0.02)</Data></Cell><Cell ss:StyleID="s22"><Data ss:Type="String">(0.02)</Data></Cell><Cell ss:StyleID="s22"><Data ss:Type="String">(0.02)</Data></Cell><Cell ss:StyleID="s22"><Data ss:Type="String">(0.02)</Data></Cell><Cell ss:StyleID="s22"><Data ss:Type="String">(0.02)</Data></Cell><Cell ss:StyleID="s22"><Data ss:Type="String">(0.03)</Data></Cell><Cell ss:StyleID="s22"><Data ss:Type="String">(0.05)</Data></Cell><Cell ss:StyleID="s22"><Data ss:Type="String">(0.05)</Data></Cell></Row><Row><Cell ss:StyleID="s32"><Data ss:Type="String">ia_3</Data></Cell><Cell ss:StyleID="s22"><Data ss:Type="String">0.69</Data></Cell><Cell ss:StyleID="s22"><Data ss:Type="String">0.77</Data></Cell><Cell ss:StyleID="s22"><Data ss:Type="String">0.05</Data></Cell><Cell ss:StyleID="s22"><Data ss:Type="String">0.05</Data></Cell><Cell ss:StyleID="s22"><Data ss:Type="String">0.04</Data></Cell><Cell ss:StyleID="s22"><Data ss:Type="String">0.05</Data></Cell><Cell ss:StyleID="s22"><Data ss:Type="String">-0.04</Data></Cell><Cell ss:StyleID="s22"><Data ss:Type="String">-0.03</Data></Cell><Cell ss:StyleID="s22"><Data ss:Type="String">-0.08</Data></Cell><Cell ss:StyleID="s22"><Data ss:Type="String">-0.07</Data></Cell></Row><Row><Cell ss:StyleID="s32"><Data ss:Type="String"></Data></Cell><Cell ss:StyleID="s22"><Data ss:Type="String">(0.25)</Data></Cell><Cell ss:StyleID="s22"><Data ss:Type="String">(0.22)</Data></Cell><Cell ss:StyleID="s22"><Data ss:Type="String">(0.02)</Data></Cell><Cell ss:StyleID="s22"><Data ss:Type="String">(0.02)</Data></Cell><Cell ss:StyleID="s22"><Data ss:Type="String">(0.02)</Data></Cell><Cell ss:StyleID="s22"><Data ss:Type="String">(0.02)</Data></Cell><Cell ss:StyleID="s22"><Data ss:Type="String">(0.03)</Data></Cell><Cell ss:StyleID="s22"><Data ss:Type="String">(0.03)</Data></Cell><Cell ss:StyleID="s22"><Data ss:Type="String">(0.04)</Data></Cell><Cell ss:StyleID="s22"><Data ss:Type="String">(0.04)</Data></Cell></Row><Row><Cell ss:StyleID="s32"><Data ss:Type="String">ia_4</Data></Cell><Cell ss:StyleID="s22"><Data ss:Type="String">1.05</Data></Cell><Cell ss:StyleID="s22"><Data ss:Type="String">1.32</Data></Cell><Cell ss:StyleID="s22"><Data ss:Type="String">0.06</Data></Cell><Cell ss:StyleID="s22"><Data ss:Type="String">0.08</Data></Cell><Cell ss:StyleID="s22"><Data ss:Type="String">0.06</Data></Cell><Cell ss:StyleID="s22"><Data ss:Type="String">0.07</Data></Cell><Cell ss:StyleID="s22"><Data ss:Type="String">-0.06</Data></Cell><Cell ss:StyleID="s22"><Data ss:Type="String">-0.05</Data></Cell><Cell ss:StyleID="s22"><Data ss:Type="String">-0.13</Data></Cell><Cell ss:StyleID="s22"><Data ss:Type="String">-0.13</Data></Cell></Row><Row><Cell ss:StyleID="s32"><Data ss:Type="String"></Data></Cell><Cell ss:StyleID="s22"><Data ss:Type="String">(0.26)</Data></Cell><Cell ss:StyleID="s22"><Data ss:Type="String">(0.23)</Data></Cell><Cell ss:StyleID="s22"><Data ss:Type="String">(0.02)</Data></Cell><Cell ss:StyleID="s22"><Data ss:Type="String">(0.02)</Data></Cell><Cell ss:StyleID="s22"><Data ss:Type="String">(0.02)</Data></Cell><Cell ss:StyleID="s22"><Data ss:Type="String">(0.02)</Data></Cell><Cell ss:StyleID="s22"><Data ss:Type="String">(0.03)</Data></Cell><Cell ss:StyleID="s22"><Data ss:Type="String">(0.03)</Data></Cell><Cell ss:StyleID="s22"><Data ss:Type="String">(0.05)</Data></Cell><Cell ss:StyleID="s22"><Data ss:Type="String">(0.05)</Data></Cell></Row><Row><Cell ss:StyleID="s32"><Data ss:Type="String">ia_5</Data></Cell><Cell ss:StyleID="s22"><Data ss:Type="String">1.61</Data></Cell><Cell ss:StyleID="s22"><Data ss:Type="String">1.65</Data></Cell><Cell ss:StyleID="s22"><Data ss:Type="String">0.13</Data></Cell><Cell ss:StyleID="s22"><Data ss:Type="String">0.13</Data></Cell><Cell ss:StyleID="s22"><Data ss:Type="String">0.13</Data></Cell><Cell ss:StyleID="s22"><Data ss:Type="String">0.13</Data></Cell><Cell ss:StyleID="s22"><Data ss:Type="String">0.05</Data></Cell><Cell ss:StyleID="s22"><Data ss:Type="String">0.06</Data></Cell><Cell ss:StyleID="s22"><Data ss:Type="String">0.06</Data></Cell><Cell ss:StyleID="s22"><Data ss:Type="String">0.07</Data></Cell></Row><Row><Cell ss:StyleID="s32"><Data ss:Type="String"></Data></Cell><Cell ss:StyleID="s22"><Data ss:Type="String">(0.25)</Data></Cell><Cell ss:StyleID="s22"><Data ss:Type="String">(0.23)</Data></Cell><Cell ss:StyleID="s22"><Data ss:Type="String">(0.02)</Data></Cell><Cell ss:StyleID="s22"><Data ss:Type="String">(0.02)</Data></Cell><Cell ss:StyleID="s22"><Data ss:Type="String">(0.02)</Data></Cell><Cell ss:StyleID="s22"><Data ss:Type="String">(0.02)</Data></Cell><Cell ss:StyleID="s22"><Data ss:Type="String">(0.03)</Data></Cell><Cell ss:StyleID="s22"><Data ss:Type="String">(0.03)</Data></Cell><Cell ss:StyleID="s22"><Data ss:Type="String">(0.06)</Data></Cell><Cell ss:StyleID="s22"><Data ss:Type="String">(0.06)</Data></Cell></Row><Row><Cell ss:StyleID="s32"><Data ss:Type="String">ia_6</Data></Cell><Cell ss:StyleID="s22"><Data ss:Type="String">1.56</Data></Cell><Cell ss:StyleID="s22"><Data ss:Type="String">1.67</Data></Cell><Cell ss:StyleID="s22"><Data ss:Type="String">0.15</Data></Cell><Cell ss:StyleID="s22"><Data ss:Type="String">0.15</Data></Cell><Cell ss:StyleID="s22"><Data ss:Type="String">0.14</Data></Cell><Cell ss:StyleID="s22"><Data ss:Type="String">0.14</Data></Cell><Cell ss:StyleID="s22"><Data ss:Type="String">0.03</Data></Cell><Cell ss:StyleID="s22"><Data ss:Type="String">0.04</Data></Cell><Cell ss:StyleID="s22"><Data ss:Type="String">0.04</Data></Cell><Cell ss:StyleID="s22"><Data ss:Type="String">0.05</Data></Cell></Row><Row><Cell ss:StyleID="s32"><Data ss:Type="String"></Data></Cell><Cell ss:StyleID="s22"><Data ss:Type="String">(0.26)</Data></Cell><Cell ss:StyleID="s22"><Data ss:Type="String">(0.24)</Data></Cell><Cell ss:StyleID="s22"><Data ss:Type="String">(0.03)</Data></Cell><Cell ss:StyleID="s22"><Data ss:Type="String">(0.02)</Data></Cell><Cell ss:StyleID="s22"><Data ss:Type="String">(0.02)</Data></Cell><Cell ss:StyleID="s22"><Data ss:Type="String">(0.02)</Data></Cell><Cell ss:StyleID="s22"><Data ss:Type="String">(0.04)</Data></Cell><Cell ss:StyleID="s22"><Data ss:Type="String">(0.04)</Data></Cell><Cell ss:StyleID="s22"><Data ss:Type="String">(0.07)</Data></Cell><Cell ss:StyleID="s22"><Data ss:Type="String">(0.07)</Data></Cell></Row><Row><Cell ss:StyleID="s32"><Data ss:Type="String">ia_7</Data></Cell><Cell ss:StyleID="s22"><Data ss:Type="String">1.44</Data></Cell><Cell ss:StyleID="s22"><Data ss:Type="String">1.56</Data></Cell><Cell ss:StyleID="s22"><Data ss:Type="String">0.16</Data></Cell><Cell ss:StyleID="s22"><Data ss:Type="String">0.17</Data></Cell><Cell ss:StyleID="s22"><Data ss:Type="String">0.15</Data></Cell><Cell ss:StyleID="s22"><Data ss:Type="String">0.15</Data></Cell><Cell ss:StyleID="s22"><Data ss:Type="String">0.03</Data></Cell><Cell ss:StyleID="s22"><Data ss:Type="String">0.03</Data></Cell><Cell ss:StyleID="s22"><Data ss:Type="String">0.03</Data></Cell><Cell ss:StyleID="s22"><Data ss:Type="String">0.03</Data></Cell></Row><Row><Cell ss:StyleID="s32"><Data ss:Type="String"></Data></Cell><Cell ss:StyleID="s22"><Data ss:Type="String">(0.26)</Data></Cell><Cell ss:StyleID="s22"><Data ss:Type="String">(0.23)</Data></Cell><Cell ss:StyleID="s22"><Data ss:Type="String">(0.03)</Data></Cell><Cell ss:StyleID="s22"><Data ss:Type="String">(0.02)</Data></Cell><Cell ss:StyleID="s22"><Data ss:Type="String">(0.02)</Data></Cell><Cell ss:StyleID="s22"><Data ss:Type="String">(0.02)</Data></Cell><Cell ss:StyleID="s22"><Data ss:Type="String">(0.03)</Data></Cell><Cell ss:StyleID="s22"><Data ss:Type="String">(0.03)</Data></Cell><Cell ss:StyleID="s22"><Data ss:Type="String">(0.06)</Data></Cell><Cell ss:StyleID="s22"><Data ss:Type="String">(0.06)</Data></Cell></Row><Row><Cell ss:StyleID="s32"><Data ss:Type="String">ia_8</Data></Cell><Cell ss:StyleID="s22"><Data ss:Type="String">1.40</Data></Cell><Cell ss:StyleID="s22"><Data ss:Type="String">1.64</Data></Cell><Cell ss:StyleID="s22"><Data ss:Type="String">0.17</Data></Cell><Cell ss:StyleID="s22"><Data ss:Type="String">0.18</Data></Cell><Cell ss:StyleID="s22"><Data ss:Type="String">0.15</Data></Cell><Cell ss:StyleID="s22"><Data ss:Type="String">0.17</Data></Cell><Cell ss:StyleID="s22"><Data ss:Type="String">0.03</Data></Cell><Cell ss:StyleID="s22"><Data ss:Type="String">0.04</Data></Cell><Cell ss:StyleID="s22"><Data ss:Type="String">0.07</Data></Cell><Cell ss:StyleID="s22"><Data ss:Type="String">0.06</Data></Cell></Row><Row><Cell ss:StyleID="s32"><Data ss:Type="String"></Data></Cell><Cell ss:StyleID="s22"><Data ss:Type="String">(0.25)</Data></Cell><Cell ss:StyleID="s22"><Data ss:Type="String">(0.23)</Data></Cell><Cell ss:StyleID="s22"><Data ss:Type="String">(0.03)</Data></Cell><Cell ss:StyleID="s22"><Data ss:Type="String">(0.02)</Data></Cell><Cell ss:StyleID="s22"><Data ss:Type="String">(0.02)</Data></Cell><Cell ss:StyleID="s22"><Data ss:Type="String">(0.02)</Data></Cell><Cell ss:StyleID="s22"><Data ss:Type="String">(0.03)</Data></Cell><Cell ss:StyleID="s22"><Data ss:Type="String">(0.03)</Data></Cell><Cell ss:StyleID="s22"><Data ss:Type="String">(0.06)</Data></Cell><Cell ss:StyleID="s22"><Data ss:Type="String">(0.06)</Data></Cell></Row><Row><Cell ss:StyleID="s32"><Data ss:Type="String">Constant</Data></Cell><Cell ss:StyleID="s22"><Data ss:Type="String">3.18</Data></Cell><Cell ss:StyleID="s22"><Data ss:Type="String">3.77</Data></Cell><Cell ss:StyleID="s22"><Data ss:Type="String">0.15</Data></Cell><Cell ss:StyleID="s22"><Data ss:Type="String">0.15</Data></Cell><Cell ss:StyleID="s22"><Data ss:Type="String">0.12</Data></Cell><Cell ss:StyleID="s22"><Data ss:Type="String">0.12</Data></Cell><Cell ss:StyleID="s22"><Data ss:Type="String">0.06</Data></Cell><Cell ss:StyleID="s22"><Data ss:Type="String">0.30</Data></Cell><Cell ss:StyleID="s22"><Data ss:Type="String">-0.01</Data></Cell><Cell ss:StyleID="s22"><Data ss:Type="String">0.09</Data></Cell></Row><Row><Cell ss:StyleID="s32"><Data ss:Type="String"></Data></Cell><Cell ss:StyleID="s22"><Data ss:Type="String">(0.17)</Data></Cell><Cell ss:StyleID="s22"><Data ss:Type="String">(0.38)</Data></Cell><Cell ss:StyleID="s22"><Data ss:Type="String">(0.01)</Data></Cell><Cell ss:StyleID="s22"><Data ss:Type="String">(0.04)</Data></Cell><Cell ss:StyleID="s22"><Data ss:Type="String">(0.01)</Data></Cell><Cell ss:StyleID="s22"><Data ss:Type="String">(0.04)</Data></Cell><Cell ss:StyleID="s22"><Data ss:Type="String">(0.03)</Data></Cell><Cell ss:StyleID="s22"><Data ss:Type="String">(0.04)</Data></Cell><Cell ss:StyleID="s22"><Data ss:Type="String">(0.06)</Data></Cell><Cell ss:StyleID="s22"><Data ss:Type="String">(0.09)</Data></Cell></Row><Row><Cell ss:StyleID="s32"><Data ss:Type="String"></Data></Cell><Cell ss:StyleID="s22"><Data ss:Type="String"></Data></Cell><Cell ss:StyleID="s22"><Data ss:Type="String"></Data></Cell><Cell ss:StyleID="s22"><Data ss:Type="String"></Data></Cell><Cell ss:StyleID="s22"><Data ss:Type="String"></Data></Cell><Cell ss:StyleID="s22"><Data ss:Type="String"></Data></Cell><Cell ss:StyleID="s22"><Data ss:Type="String"></Data></Cell><Cell ss:StyleID="s22"><Data ss:Type="String"></Data></Cell><Cell ss:StyleID="s22"><Data ss:Type="String"></Data></Cell><Cell ss:StyleID="s22"><Data ss:Type="String"></Data></Cell><Cell ss:StyleID="s22"><Data ss:Type="String"></Data></Cell></Row><Row><Cell ss:StyleID="s32"><Data ss:Type="String">Observations</Data></Cell><Cell ss:StyleID="s22"><Data ss:Type="String">7,498</Data></Cell><Cell ss:StyleID="s22"><Data ss:Type="String">7,498</Data></Cell><Cell ss:StyleID="s22"><Data ss:Type="String">7,498</Data></Cell><Cell ss:StyleID="s22"><Data ss:Type="String">7,498</Data></Cell><Cell ss:StyleID="s22"><Data ss:Type="String">7,498</Data></Cell><Cell ss:StyleID="s22"><Data ss:Type="String">7,498</Data></Cell><Cell ss:StyleID="s22"><Data ss:Type="String">7,498</Data></Cell><Cell ss:StyleID="s22"><Data ss:Type="String">7,498</Data></Cell><Cell ss:StyleID="s22"><Data ss:Type="String">7,498</Data></Cell><Cell ss:StyleID="s22"><Data ss:Type="String">7,498</Data></Cell></Row><Row><Cell ss:StyleID="s32"><Data ss:Type="String">Horizon-FE</Data></Cell><Cell ss:StyleID="s22"><Data ss:Type="String">Yes</Data></Cell><Cell ss:StyleID="s22"><Data ss:Type="String">Yes</Data></Cell><Cell ss:StyleID="s22"><Data ss:Type="String">Yes</Data></Cell><Cell ss:StyleID="s22"><Data ss:Type="String">Yes</Data></Cell><Cell ss:StyleID="s22"><Data ss:Type="String">Yes</Data></Cell><Cell ss:StyleID="s22"><Data ss:Type="String">Yes</Data></Cell><Cell ss:StyleID="s22"><Data ss:Type="String">Yes</Data></Cell><Cell ss:StyleID="s22"><Data ss:Type="String">Yes</Data></Cell><Cell ss:StyleID="s22"><Data ss:Type="String">Yes</Data></Cell><Cell ss:StyleID="s22"><Data ss:Type="String">Yes</Data></Cell></Row><Row><Cell ss:StyleID="s32"><Data ss:Type="String">Time-FE</Data></Cell><Cell ss:StyleID="s22"><Data ss:Type="String">Yes</Data></Cell><Cell ss:StyleID="s22"><Data ss:Type="String">Yes</Data></Cell><Cell ss:StyleID="s22"><Data ss:Type="String">Yes</Data></Cell><Cell ss:StyleID="s22"><Data ss:Type="String">Yes</Data></Cell><Cell ss:StyleID="s22"><Data ss:Type="String">Yes</Data></Cell><Cell ss:StyleID="s22"><Data ss:Type="String">Yes</Data></Cell><Cell ss:StyleID="s22"><Data ss:Type="String">Yes</Data></Cell><Cell ss:StyleID="s22"><Data ss:Type="String">Yes</Data></Cell><Cell ss:StyleID="s22"><Data ss:Type="String">Yes</Data></Cell><Cell ss:StyleID="s22"><Data ss:Type="String">Yes</Data></Cell></Row><Row><Cell ss:StyleID="s32"><Data ss:Type="String">Forecaster-FE</Data></Cell><Cell ss:StyleID="s22"><Data ss:Type="String">No</Data></Cell><Cell ss:StyleID="s22"><Data ss:Type="String">Yes</Data></Cell><Cell ss:StyleID="s22"><Data ss:Type="String">No</Data></Cell><Cell ss:StyleID="s22"><Data ss:Type="String">Yes</Data></Cell><Cell ss:StyleID="s22"><Data ss:Type="String">No</Data></Cell><Cell ss:StyleID="s22"><Data ss:Type="String">Yes</Data></Cell><Cell ss:StyleID="s22"><Data ss:Type="String">No</Data></Cell><Cell ss:StyleID="s22"><Data ss:Type="String">Yes</Data></Cell><Cell ss:StyleID="s22"><Data ss:Type="String">No</Data></Cell><Cell ss:StyleID="s22"><Data ss:Type="String">Yes</Data></Cell></Row><Row><Cell ss:StyleID="s33"><Data ss:Type="String">Adj. R2</Data></Cell><Cell ss:StyleID="s23"><Data ss:Type="String">0.51</Data></Cell><Cell ss:StyleID="s23"><Data ss:Type="String">0.68</Data></Cell><Cell ss:StyleID="s23"><Data ss:Type="String">0.34</Data></Cell><Cell ss:StyleID="s23"><Data ss:Type="String">0.58</Data></Cell><Cell ss:StyleID="s23"><Data ss:Type="String">0.34</Data></Cell><Cell ss:StyleID="s23"><Data ss:Type="String">0.56</Data></Cell><Cell ss:StyleID="s23"><Data ss:Type="String">0.60</Data></Cell><Cell ss:StyleID="s23"><Data ss:Type="String">0.61</Data></Cell><Cell ss:StyleID="s23"><Data ss:Type="String">0.52</Data></Cell><Cell ss:StyleID="s23"><Data ss:Type="String">0.52</Data></Cell></Row></Table><WorksheetOptions xmlns="urn:schemas-microsoft-com:office:excel"><ProtectedObjects>False</ProtectedObjects><ProtectedScenarios>False</ProtectedScenarios></WorksheetOptions></Worksheet></Workbook>