<?xml version="1.0" encoding="US-ASCII" standalone="yes"?><?mso-application progid="Excel.Sheet"?><Workbook xmlns="urn:schemas-microsoft-com:office:spreadsheet" xmlns:o="urn:schemas-microsoft-com:office:office" xmlns:x="urn:schemas-microsoft-com:office:excel" xmlns:ss="urn:schemas-microsoft-com:office:spreadsheet" xmlns:html="http://www.w3.org/TR/REC-html40"><DocumentProperties xmlns="urn:schemas-microsoft-com:office:office"><Author></Author><LastAuthor></LastAuthor><Created></Created><LastSaved></LastSaved><Company></Company><Version></Version></DocumentProperties><ExcelWorkbook  xmlns="urn:schemas-microsoft-com:office:excel"><ProtectStructure>False</ProtectStructure><ProtectWindows>False</ProtectWindows></ExcelWorkbook><Styles><Style ss:ID="Default" ss:Name="Normal"><Alignment ss:Vertical="Bottom"/><Borders/><Font ss:FontName="Calibri" ss:Size="10"/><Interior/><NumberFormat/><Protection/></Style><Style ss:ID="s1"><Font ss:FontName="Calibri" ss:Bold="1" ss:Size="12"/><NumberFormat/></Style><Style ss:ID="s21"><Alignment ss:Horizontal="Center" ss:Vertical="Bottom"/><NumberFormat/><Font ss:FontName="Calibri" ss:Size="10"/><Borders><Border ss:Position="Top" ss:LineStyle="Continuous" ss:Weight="1"/></Borders></Style><Style ss:ID="s22"><Alignment ss:Horizontal="Center" ss:Vertical="Bottom"/><Font ss:FontName="Calibri" ss:Size="10"/><NumberFormat/></Style><Style ss:ID="s23"><Alignment ss:Horizontal="Center" ss:Vertical="Bottom"/><NumberFormat/><Font ss:FontName="Calibri" ss:Size="10"/><Borders><Border ss:Position="Bottom" ss:LineStyle="Continuous" ss:Weight="1"/></Borders></Style><Style ss:ID="s24"><Font ss:FontName="Calibri" ss:Size="10"/><NumberFormat/></Style><Style ss:ID="s31"><Font ss:FontName="Calibri" ss:Size="10"/><Borders><Border ss:Position="Top" ss:LineStyle="Continuous" ss:Weight="1"/></Borders></Style><Style ss:ID="s32"><Font ss:FontName="Calibri" ss:Size="10"/><Borders/></Style><Style ss:ID="s33"><Font ss:FontName="Calibri" ss:Size="10"/><Borders><Border ss:Position="Bottom" ss:LineStyle="Continuous" ss:Weight="1"/></Borders></Style></Styles><Names></Names><Worksheet ss:Name="Sheet1"><Table ss:ExpandedColumnCount="25" ss:ExpandedRowCount="20" x:FullColumns="1" x:FullRows="1"><Column ss:AutoFitWidth="0" ss:Width="108"/><Column ss:AutoFitWidth="0" ss:Width="58"/><Column ss:AutoFitWidth="0" ss:Width="58"/><Column ss:AutoFitWidth="0" ss:Width="58"/><Column ss:AutoFitWidth="0" ss:Width="58"/><Column ss:AutoFitWidth="0" ss:Width="58"/><Column ss:AutoFitWidth="0" ss:Width="58"/><Column ss:AutoFitWidth="0" ss:Width="58"/><Column ss:AutoFitWidth="0" ss:Width="58"/><Column ss:AutoFitWidth="0" ss:Width="58"/><Column ss:AutoFitWidth="0" ss:Width="58"/><Column ss:AutoFitWidth="0" ss:Width="58"/><Column ss:AutoFitWidth="0" ss:Width="58"/><Column ss:AutoFitWidth="0" ss:Width="58"/><Column ss:AutoFitWidth="0" ss:Width="58"/><Column ss:AutoFitWidth="0" ss:Width="58"/><Column ss:AutoFitWidth="0" ss:Width="58"/><Column ss:AutoFitWidth="0" ss:Width="58"/><Column ss:AutoFitWidth="0" ss:Width="58"/><Column ss:AutoFitWidth="0" ss:Width="58"/><Column ss:AutoFitWidth="0" ss:Width="58"/><Column ss:AutoFitWidth="0" ss:Width="58"/><Column ss:AutoFitWidth="0" ss:Width="58"/><Column ss:AutoFitWidth="0" ss:Width="58"/><Column ss:AutoFitWidth="0" ss:Width="58"/><Row></Row><Row><Cell ss:StyleID="s31"><Data ss:Type="String"></Data></Cell><Cell ss:StyleID="s21"><Data ss:Type="String">(1)</Data></Cell><Cell ss:StyleID="s21"><Data ss:Type="String">(2)</Data></Cell><Cell ss:StyleID="s21"><Data ss:Type="String">(3)</Data></Cell><Cell ss:StyleID="s21"><Data ss:Type="String">(4)</Data></Cell><Cell ss:StyleID="s21"><Data ss:Type="String">(5)</Data></Cell><Cell ss:StyleID="s21"><Data ss:Type="String">(6)</Data></Cell><Cell ss:StyleID="s21"><Data ss:Type="String">(7)</Data></Cell><Cell ss:StyleID="s21"><Data ss:Type="String">(8)</Data></Cell><Cell ss:StyleID="s21"><Data ss:Type="String">(9)</Data></Cell><Cell ss:StyleID="s21"><Data ss:Type="String">(10)</Data></Cell><Cell ss:StyleID="s21"><Data ss:Type="String">(11)</Data></Cell><Cell ss:StyleID="s21"><Data ss:Type="String">(12)</Data></Cell><Cell ss:StyleID="s21"><Data ss:Type="String">(13)</Data></Cell><Cell ss:StyleID="s21"><Data ss:Type="String">(14)</Data></Cell><Cell ss:StyleID="s21"><Data ss:Type="String">(15)</Data></Cell><Cell ss:StyleID="s21"><Data ss:Type="String">(16)</Data></Cell><Cell ss:StyleID="s21"><Data ss:Type="String">(17)</Data></Cell><Cell ss:StyleID="s21"><Data ss:Type="String">(18)</Data></Cell><Cell ss:StyleID="s21"><Data ss:Type="String">(19)</Data></Cell><Cell ss:StyleID="s21"><Data ss:Type="String">(20)</Data></Cell><Cell ss:StyleID="s21"><Data ss:Type="String">(21)</Data></Cell><Cell ss:StyleID="s21"><Data ss:Type="String">(22)</Data></Cell><Cell ss:StyleID="s21"><Data ss:Type="String">(23)</Data></Cell><Cell ss:StyleID="s21"><Data ss:Type="String">(24)</Data></Cell></Row><Row><Cell ss:StyleID="s32"><Data ss:Type="String"></Data></Cell><Cell ss:StyleID="s22"><Data ss:Type="String">i</Data></Cell><Cell ss:StyleID="s22"><Data ss:Type="String">i</Data></Cell><Cell ss:StyleID="s22"><Data ss:Type="String">i</Data></Cell><Cell ss:StyleID="s22"><Data ss:Type="String">i</Data></Cell><Cell ss:StyleID="s22"><Data ss:Type="String">i</Data></Cell><Cell ss:StyleID="s22"><Data ss:Type="String">i</Data></Cell><Cell ss:StyleID="s22"><Data ss:Type="String">i</Data></Cell><Cell ss:StyleID="s22"><Data ss:Type="String">i</Data></Cell><Cell ss:StyleID="s22"><Data ss:Type="String">g</Data></Cell><Cell ss:StyleID="s22"><Data ss:Type="String">g</Data></Cell><Cell ss:StyleID="s22"><Data ss:Type="String">g</Data></Cell><Cell ss:StyleID="s22"><Data ss:Type="String">g</Data></Cell><Cell ss:StyleID="s22"><Data ss:Type="String">g</Data></Cell><Cell ss:StyleID="s22"><Data ss:Type="String">g</Data></Cell><Cell ss:StyleID="s22"><Data ss:Type="String">g</Data></Cell><Cell ss:StyleID="s22"><Data ss:Type="String">g</Data></Cell><Cell ss:StyleID="s22"><Data ss:Type="String">u</Data></Cell><Cell ss:StyleID="s22"><Data ss:Type="String">u</Data></Cell><Cell ss:StyleID="s22"><Data ss:Type="String">u</Data></Cell><Cell ss:StyleID="s22"><Data ss:Type="String">u</Data></Cell><Cell ss:StyleID="s22"><Data ss:Type="String">u</Data></Cell><Cell ss:StyleID="s22"><Data ss:Type="String">u</Data></Cell><Cell ss:StyleID="s22"><Data ss:Type="String">u</Data></Cell><Cell ss:StyleID="s22"><Data ss:Type="String">u</Data></Cell></Row><Row><Cell ss:StyleID="s32"><Data ss:Type="String">VARIABLES</Data></Cell><Cell ss:StyleID="s22"><Data ss:Type="String">h=8</Data></Cell><Cell ss:StyleID="s22"><Data ss:Type="String">h=7</Data></Cell><Cell ss:StyleID="s22"><Data ss:Type="String">h=6</Data></Cell><Cell ss:StyleID="s22"><Data ss:Type="String">h=5</Data></Cell><Cell ss:StyleID="s22"><Data ss:Type="String">h=4</Data></Cell><Cell ss:StyleID="s22"><Data ss:Type="String">h=3</Data></Cell><Cell ss:StyleID="s22"><Data ss:Type="String">h=2</Data></Cell><Cell ss:StyleID="s22"><Data ss:Type="String">h=1</Data></Cell><Cell ss:StyleID="s22"><Data ss:Type="String">h=8</Data></Cell><Cell ss:StyleID="s22"><Data ss:Type="String">h=7</Data></Cell><Cell ss:StyleID="s22"><Data ss:Type="String">h=6</Data></Cell><Cell ss:StyleID="s22"><Data ss:Type="String">h=5</Data></Cell><Cell ss:StyleID="s22"><Data ss:Type="String">h=4</Data></Cell><Cell ss:StyleID="s22"><Data ss:Type="String">h=3</Data></Cell><Cell ss:StyleID="s22"><Data ss:Type="String">h=2</Data></Cell><Cell ss:StyleID="s22"><Data ss:Type="String">h=1</Data></Cell><Cell ss:StyleID="s22"><Data ss:Type="String">h=8</Data></Cell><Cell ss:StyleID="s22"><Data ss:Type="String">h=7</Data></Cell><Cell ss:StyleID="s22"><Data ss:Type="String">h=6</Data></Cell><Cell ss:StyleID="s22"><Data ss:Type="String">h=5</Data></Cell><Cell ss:StyleID="s22"><Data ss:Type="String">h=4</Data></Cell><Cell ss:StyleID="s22"><Data ss:Type="String">h=3</Data></Cell><Cell ss:StyleID="s22"><Data ss:Type="String">h=2</Data></Cell><Cell ss:StyleID="s22"><Data ss:Type="String">h=1</Data></Cell></Row><Row><Cell ss:StyleID="s31"><Data ss:Type="String"></Data></Cell><Cell ss:StyleID="s21"><Data ss:Type="String"></Data></Cell><Cell ss:StyleID="s21"><Data ss:Type="String"></Data></Cell><Cell ss:StyleID="s21"><Data ss:Type="String"></Data></Cell><Cell ss:StyleID="s21"><Data ss:Type="String"></Data></Cell><Cell ss:StyleID="s21"><Data ss:Type="String"></Data></Cell><Cell ss:StyleID="s21"><Data ss:Type="String"></Data></Cell><Cell ss:StyleID="s21"><Data ss:Type="String"></Data></Cell><Cell ss:StyleID="s21"><Data ss:Type="String"></Data></Cell><Cell ss:StyleID="s21"><Data ss:Type="String"></Data></Cell><Cell ss:StyleID="s21"><Data ss:Type="String"></Data></Cell><Cell ss:StyleID="s21"><Data ss:Type="String"></Data></Cell><Cell ss:StyleID="s21"><Data ss:Type="String"></Data></Cell><Cell ss:StyleID="s21"><Data ss:Type="String"></Data></Cell><Cell ss:StyleID="s21"><Data ss:Type="String"></Data></Cell><Cell ss:StyleID="s21"><Data ss:Type="String"></Data></Cell><Cell ss:StyleID="s21"><Data ss:Type="String"></Data></Cell><Cell ss:StyleID="s21"><Data ss:Type="String"></Data></Cell><Cell ss:StyleID="s21"><Data ss:Type="String"></Data></Cell><Cell ss:StyleID="s21"><Data ss:Type="String"></Data></Cell><Cell ss:StyleID="s21"><Data ss:Type="String"></Data></Cell><Cell ss:StyleID="s21"><Data ss:Type="String"></Data></Cell><Cell ss:StyleID="s21"><Data ss:Type="String"></Data></Cell><Cell ss:StyleID="s21"><Data ss:Type="String"></Data></Cell><Cell ss:StyleID="s21"><Data ss:Type="String"></Data></Cell></Row><Row><Cell ss:StyleID="s32"><Data ss:Type="String">bin_all_i</Data></Cell><Cell ss:StyleID="s22"><Data ss:Type="String">-0.04</Data></Cell><Cell ss:StyleID="s22"><Data ss:Type="String">0.03</Data></Cell><Cell ss:StyleID="s22"><Data ss:Type="String">-0.00</Data></Cell><Cell ss:StyleID="s22"><Data ss:Type="String">0.01</Data></Cell><Cell ss:StyleID="s22"><Data ss:Type="String">-0.03</Data></Cell><Cell ss:StyleID="s22"><Data ss:Type="String">0.05</Data></Cell><Cell ss:StyleID="s22"><Data ss:Type="String">0.04</Data></Cell><Cell ss:StyleID="s22"><Data ss:Type="String">-0.48</Data></Cell><Cell ss:StyleID="s22"><Data ss:Type="String"></Data></Cell><Cell ss:StyleID="s22"><Data ss:Type="String"></Data></Cell><Cell ss:StyleID="s22"><Data ss:Type="String"></Data></Cell><Cell ss:StyleID="s22"><Data ss:Type="String"></Data></Cell><Cell ss:StyleID="s22"><Data ss:Type="String"></Data></Cell><Cell ss:StyleID="s22"><Data ss:Type="String"></Data></Cell><Cell ss:StyleID="s22"><Data ss:Type="String"></Data></Cell><Cell ss:StyleID="s22"><Data ss:Type="String"></Data></Cell><Cell ss:StyleID="s22"><Data ss:Type="String"></Data></Cell><Cell ss:StyleID="s22"><Data ss:Type="String"></Data></Cell><Cell ss:StyleID="s22"><Data ss:Type="String"></Data></Cell><Cell ss:StyleID="s22"><Data ss:Type="String"></Data></Cell><Cell ss:StyleID="s22"><Data ss:Type="String"></Data></Cell><Cell ss:StyleID="s22"><Data ss:Type="String"></Data></Cell><Cell ss:StyleID="s22"><Data ss:Type="String"></Data></Cell><Cell ss:StyleID="s22"><Data ss:Type="String"></Data></Cell></Row><Row><Cell ss:StyleID="s32"><Data ss:Type="String"></Data></Cell><Cell ss:StyleID="s22"><Data ss:Type="String">(0.03)</Data></Cell><Cell ss:StyleID="s22"><Data ss:Type="String">(0.03)</Data></Cell><Cell ss:StyleID="s22"><Data ss:Type="String">(0.03)</Data></Cell><Cell ss:StyleID="s22"><Data ss:Type="String">(0.03)</Data></Cell><Cell ss:StyleID="s22"><Data ss:Type="String">(0.05)</Data></Cell><Cell ss:StyleID="s22"><Data ss:Type="String">(0.07)</Data></Cell><Cell ss:StyleID="s22"><Data ss:Type="String">(0.08)</Data></Cell><Cell ss:StyleID="s22"><Data ss:Type="String">(0.31)</Data></Cell><Cell ss:StyleID="s22"><Data ss:Type="String"></Data></Cell><Cell ss:StyleID="s22"><Data ss:Type="String"></Data></Cell><Cell ss:StyleID="s22"><Data ss:Type="String"></Data></Cell><Cell ss:StyleID="s22"><Data ss:Type="String"></Data></Cell><Cell ss:StyleID="s22"><Data ss:Type="String"></Data></Cell><Cell ss:StyleID="s22"><Data ss:Type="String"></Data></Cell><Cell ss:StyleID="s22"><Data ss:Type="String"></Data></Cell><Cell ss:StyleID="s22"><Data ss:Type="String"></Data></Cell><Cell ss:StyleID="s22"><Data ss:Type="String"></Data></Cell><Cell ss:StyleID="s22"><Data ss:Type="String"></Data></Cell><Cell ss:StyleID="s22"><Data ss:Type="String"></Data></Cell><Cell ss:StyleID="s22"><Data ss:Type="String"></Data></Cell><Cell ss:StyleID="s22"><Data ss:Type="String"></Data></Cell><Cell ss:StyleID="s22"><Data ss:Type="String"></Data></Cell><Cell ss:StyleID="s22"><Data ss:Type="String"></Data></Cell><Cell ss:StyleID="s22"><Data ss:Type="String"></Data></Cell></Row><Row><Cell ss:StyleID="s32"><Data ss:Type="String">bin_all_g</Data></Cell><Cell ss:StyleID="s22"><Data ss:Type="String"></Data></Cell><Cell ss:StyleID="s22"><Data ss:Type="String"></Data></Cell><Cell ss:StyleID="s22"><Data ss:Type="String"></Data></Cell><Cell ss:StyleID="s22"><Data ss:Type="String"></Data></Cell><Cell ss:StyleID="s22"><Data ss:Type="String"></Data></Cell><Cell ss:StyleID="s22"><Data ss:Type="String"></Data></Cell><Cell ss:StyleID="s22"><Data ss:Type="String"></Data></Cell><Cell ss:StyleID="s22"><Data ss:Type="String"></Data></Cell><Cell ss:StyleID="s22"><Data ss:Type="String">0.11</Data></Cell><Cell ss:StyleID="s22"><Data ss:Type="String">0.14*</Data></Cell><Cell ss:StyleID="s22"><Data ss:Type="String">0.11*</Data></Cell><Cell ss:StyleID="s22"><Data ss:Type="String">0.04</Data></Cell><Cell ss:StyleID="s22"><Data ss:Type="String">0.10*</Data></Cell><Cell ss:StyleID="s22"><Data ss:Type="String">0.06*</Data></Cell><Cell ss:StyleID="s22"><Data ss:Type="String">0.06</Data></Cell><Cell ss:StyleID="s22"><Data ss:Type="String">0.19*</Data></Cell><Cell ss:StyleID="s22"><Data ss:Type="String"></Data></Cell><Cell ss:StyleID="s22"><Data ss:Type="String"></Data></Cell><Cell ss:StyleID="s22"><Data ss:Type="String"></Data></Cell><Cell ss:StyleID="s22"><Data ss:Type="String"></Data></Cell><Cell ss:StyleID="s22"><Data ss:Type="String"></Data></Cell><Cell ss:StyleID="s22"><Data ss:Type="String"></Data></Cell><Cell ss:StyleID="s22"><Data ss:Type="String"></Data></Cell><Cell ss:StyleID="s22"><Data ss:Type="String"></Data></Cell></Row><Row><Cell ss:StyleID="s32"><Data ss:Type="String"></Data></Cell><Cell ss:StyleID="s22"><Data ss:Type="String"></Data></Cell><Cell ss:StyleID="s22"><Data ss:Type="String"></Data></Cell><Cell ss:StyleID="s22"><Data ss:Type="String"></Data></Cell><Cell ss:StyleID="s22"><Data ss:Type="String"></Data></Cell><Cell ss:StyleID="s22"><Data ss:Type="String"></Data></Cell><Cell ss:StyleID="s22"><Data ss:Type="String"></Data></Cell><Cell ss:StyleID="s22"><Data ss:Type="String"></Data></Cell><Cell ss:StyleID="s22"><Data ss:Type="String"></Data></Cell><Cell ss:StyleID="s22"><Data ss:Type="String">(0.08)</Data></Cell><Cell ss:StyleID="s22"><Data ss:Type="String">(0.03)</Data></Cell><Cell ss:StyleID="s22"><Data ss:Type="String">(0.02)</Data></Cell><Cell ss:StyleID="s22"><Data ss:Type="String">(0.04)</Data></Cell><Cell ss:StyleID="s22"><Data ss:Type="String">(0.04)</Data></Cell><Cell ss:StyleID="s22"><Data ss:Type="String">(0.03)</Data></Cell><Cell ss:StyleID="s22"><Data ss:Type="String">(0.03)</Data></Cell><Cell ss:StyleID="s22"><Data ss:Type="String">(0.07)</Data></Cell><Cell ss:StyleID="s22"><Data ss:Type="String"></Data></Cell><Cell ss:StyleID="s22"><Data ss:Type="String"></Data></Cell><Cell ss:StyleID="s22"><Data ss:Type="String"></Data></Cell><Cell ss:StyleID="s22"><Data ss:Type="String"></Data></Cell><Cell ss:StyleID="s22"><Data ss:Type="String"></Data></Cell><Cell ss:StyleID="s22"><Data ss:Type="String"></Data></Cell><Cell ss:StyleID="s22"><Data ss:Type="String"></Data></Cell><Cell ss:StyleID="s22"><Data ss:Type="String"></Data></Cell></Row><Row><Cell ss:StyleID="s32"><Data ss:Type="String">bin_all_u</Data></Cell><Cell ss:StyleID="s22"><Data ss:Type="String"></Data></Cell><Cell ss:StyleID="s22"><Data ss:Type="String"></Data></Cell><Cell ss:StyleID="s22"><Data ss:Type="String"></Data></Cell><Cell ss:StyleID="s22"><Data ss:Type="String"></Data></Cell><Cell ss:StyleID="s22"><Data ss:Type="String"></Data></Cell><Cell ss:StyleID="s22"><Data ss:Type="String"></Data></Cell><Cell ss:StyleID="s22"><Data ss:Type="String"></Data></Cell><Cell ss:StyleID="s22"><Data ss:Type="String"></Data></Cell><Cell ss:StyleID="s22"><Data ss:Type="String"></Data></Cell><Cell ss:StyleID="s22"><Data ss:Type="String"></Data></Cell><Cell ss:StyleID="s22"><Data ss:Type="String"></Data></Cell><Cell ss:StyleID="s22"><Data ss:Type="String"></Data></Cell><Cell ss:StyleID="s22"><Data ss:Type="String"></Data></Cell><Cell ss:StyleID="s22"><Data ss:Type="String"></Data></Cell><Cell ss:StyleID="s22"><Data ss:Type="String"></Data></Cell><Cell ss:StyleID="s22"><Data ss:Type="String"></Data></Cell><Cell ss:StyleID="s22"><Data ss:Type="String">-0.04</Data></Cell><Cell ss:StyleID="s22"><Data ss:Type="String">-0.10*</Data></Cell><Cell ss:StyleID="s22"><Data ss:Type="String">-0.04</Data></Cell><Cell ss:StyleID="s22"><Data ss:Type="String">-0.08*</Data></Cell><Cell ss:StyleID="s22"><Data ss:Type="String">-0.01</Data></Cell><Cell ss:StyleID="s22"><Data ss:Type="String">-0.45</Data></Cell><Cell ss:StyleID="s22"><Data ss:Type="String">-0.00</Data></Cell><Cell ss:StyleID="s22"><Data ss:Type="String">-0.87</Data></Cell></Row><Row><Cell ss:StyleID="s32"><Data ss:Type="String"></Data></Cell><Cell ss:StyleID="s22"><Data ss:Type="String"></Data></Cell><Cell ss:StyleID="s22"><Data ss:Type="String"></Data></Cell><Cell ss:StyleID="s22"><Data ss:Type="String"></Data></Cell><Cell ss:StyleID="s22"><Data ss:Type="String"></Data></Cell><Cell ss:StyleID="s22"><Data ss:Type="String"></Data></Cell><Cell ss:StyleID="s22"><Data ss:Type="String"></Data></Cell><Cell ss:StyleID="s22"><Data ss:Type="String"></Data></Cell><Cell ss:StyleID="s22"><Data ss:Type="String"></Data></Cell><Cell ss:StyleID="s22"><Data ss:Type="String"></Data></Cell><Cell ss:StyleID="s22"><Data ss:Type="String"></Data></Cell><Cell ss:StyleID="s22"><Data ss:Type="String"></Data></Cell><Cell ss:StyleID="s22"><Data ss:Type="String"></Data></Cell><Cell ss:StyleID="s22"><Data ss:Type="String"></Data></Cell><Cell ss:StyleID="s22"><Data ss:Type="String"></Data></Cell><Cell ss:StyleID="s22"><Data ss:Type="String"></Data></Cell><Cell ss:StyleID="s22"><Data ss:Type="String"></Data></Cell><Cell ss:StyleID="s22"><Data ss:Type="String">(0.04)</Data></Cell><Cell ss:StyleID="s22"><Data ss:Type="String">(0.03)</Data></Cell><Cell ss:StyleID="s22"><Data ss:Type="String">(0.03)</Data></Cell><Cell ss:StyleID="s22"><Data ss:Type="String">(0.03)</Data></Cell><Cell ss:StyleID="s22"><Data ss:Type="String">(0.05)</Data></Cell><Cell ss:StyleID="s22"><Data ss:Type="String">(0.26)</Data></Cell><Cell ss:StyleID="s22"><Data ss:Type="String">(0.22)</Data></Cell><Cell ss:StyleID="s22"><Data ss:Type="String">(0.74)</Data></Cell></Row><Row><Cell ss:StyleID="s32"><Data ss:Type="String">Constant</Data></Cell><Cell ss:StyleID="s22"><Data ss:Type="String">-0.01</Data></Cell><Cell ss:StyleID="s22"><Data ss:Type="String">-0.14</Data></Cell><Cell ss:StyleID="s22"><Data ss:Type="String">-0.17*</Data></Cell><Cell ss:StyleID="s22"><Data ss:Type="String">-0.12*</Data></Cell><Cell ss:StyleID="s22"><Data ss:Type="String">-0.03</Data></Cell><Cell ss:StyleID="s22"><Data ss:Type="String">0.03</Data></Cell><Cell ss:StyleID="s22"><Data ss:Type="String">0.06</Data></Cell><Cell ss:StyleID="s22"><Data ss:Type="String">-0.04</Data></Cell><Cell ss:StyleID="s22"><Data ss:Type="String">-0.20*</Data></Cell><Cell ss:StyleID="s22"><Data ss:Type="String">-0.24*</Data></Cell><Cell ss:StyleID="s22"><Data ss:Type="String">-0.13*</Data></Cell><Cell ss:StyleID="s22"><Data ss:Type="String">-0.09</Data></Cell><Cell ss:StyleID="s22"><Data ss:Type="String">-0.27*</Data></Cell><Cell ss:StyleID="s22"><Data ss:Type="String">-0.05</Data></Cell><Cell ss:StyleID="s22"><Data ss:Type="String">-0.11</Data></Cell><Cell ss:StyleID="s22"><Data ss:Type="String">-0.55*</Data></Cell><Cell ss:StyleID="s22"><Data ss:Type="String">0.08</Data></Cell><Cell ss:StyleID="s22"><Data ss:Type="String">0.12*</Data></Cell><Cell ss:StyleID="s22"><Data ss:Type="String">0.10</Data></Cell><Cell ss:StyleID="s22"><Data ss:Type="String">0.10</Data></Cell><Cell ss:StyleID="s22"><Data ss:Type="String">-0.03</Data></Cell><Cell ss:StyleID="s22"><Data ss:Type="String">0.05</Data></Cell><Cell ss:StyleID="s22"><Data ss:Type="String">0.88*</Data></Cell><Cell ss:StyleID="s22"><Data ss:Type="String">-0.47*</Data></Cell></Row><Row><Cell ss:StyleID="s32"><Data ss:Type="String"></Data></Cell><Cell ss:StyleID="s22"><Data ss:Type="String">(0.07)</Data></Cell><Cell ss:StyleID="s22"><Data ss:Type="String">(0.08)</Data></Cell><Cell ss:StyleID="s22"><Data ss:Type="String">(0.05)</Data></Cell><Cell ss:StyleID="s22"><Data ss:Type="String">(0.04)</Data></Cell><Cell ss:StyleID="s22"><Data ss:Type="String">(0.08)</Data></Cell><Cell ss:StyleID="s22"><Data ss:Type="String">(0.06)</Data></Cell><Cell ss:StyleID="s22"><Data ss:Type="String">(0.09)</Data></Cell><Cell ss:StyleID="s22"><Data ss:Type="String">(0.24)</Data></Cell><Cell ss:StyleID="s22"><Data ss:Type="String">(0.05)</Data></Cell><Cell ss:StyleID="s22"><Data ss:Type="String">(0.05)</Data></Cell><Cell ss:StyleID="s22"><Data ss:Type="String">(0.06)</Data></Cell><Cell ss:StyleID="s22"><Data ss:Type="String">(0.07)</Data></Cell><Cell ss:StyleID="s22"><Data ss:Type="String">(0.07)</Data></Cell><Cell ss:StyleID="s22"><Data ss:Type="String">(0.05)</Data></Cell><Cell ss:StyleID="s22"><Data ss:Type="String">(0.07)</Data></Cell><Cell ss:StyleID="s22"><Data ss:Type="String">(0.20)</Data></Cell><Cell ss:StyleID="s22"><Data ss:Type="String">(0.05)</Data></Cell><Cell ss:StyleID="s22"><Data ss:Type="String">(0.06)</Data></Cell><Cell ss:StyleID="s22"><Data ss:Type="String">(0.06)</Data></Cell><Cell ss:StyleID="s22"><Data ss:Type="String">(0.11)</Data></Cell><Cell ss:StyleID="s22"><Data ss:Type="String">(0.11)</Data></Cell><Cell ss:StyleID="s22"><Data ss:Type="String">(0.07)</Data></Cell><Cell ss:StyleID="s22"><Data ss:Type="String">(0.13)</Data></Cell><Cell ss:StyleID="s22"><Data ss:Type="String">(0.22)</Data></Cell></Row><Row><Cell ss:StyleID="s32"><Data ss:Type="String"></Data></Cell><Cell ss:StyleID="s22"><Data ss:Type="String"></Data></Cell><Cell ss:StyleID="s22"><Data ss:Type="String"></Data></Cell><Cell ss:StyleID="s22"><Data ss:Type="String"></Data></Cell><Cell ss:StyleID="s22"><Data ss:Type="String"></Data></Cell><Cell ss:StyleID="s22"><Data ss:Type="String"></Data></Cell><Cell ss:StyleID="s22"><Data ss:Type="String"></Data></Cell><Cell ss:StyleID="s22"><Data ss:Type="String"></Data></Cell><Cell ss:StyleID="s22"><Data ss:Type="String"></Data></Cell><Cell ss:StyleID="s22"><Data ss:Type="String"></Data></Cell><Cell ss:StyleID="s22"><Data ss:Type="String"></Data></Cell><Cell ss:StyleID="s22"><Data ss:Type="String"></Data></Cell><Cell ss:StyleID="s22"><Data ss:Type="String"></Data></Cell><Cell ss:StyleID="s22"><Data ss:Type="String"></Data></Cell><Cell ss:StyleID="s22"><Data ss:Type="String"></Data></Cell><Cell ss:StyleID="s22"><Data ss:Type="String"></Data></Cell><Cell ss:StyleID="s22"><Data ss:Type="String"></Data></Cell><Cell ss:StyleID="s22"><Data ss:Type="String"></Data></Cell><Cell ss:StyleID="s22"><Data ss:Type="String"></Data></Cell><Cell ss:StyleID="s22"><Data ss:Type="String"></Data></Cell><Cell ss:StyleID="s22"><Data ss:Type="String"></Data></Cell><Cell ss:StyleID="s22"><Data ss:Type="String"></Data></Cell><Cell ss:StyleID="s22"><Data ss:Type="String"></Data></Cell><Cell ss:StyleID="s22"><Data ss:Type="String"></Data></Cell><Cell ss:StyleID="s22"><Data ss:Type="String"></Data></Cell></Row><Row><Cell ss:StyleID="s32"><Data ss:Type="String">Observations</Data></Cell><Cell ss:StyleID="s22"><Data ss:Type="String">940</Data></Cell><Cell ss:StyleID="s22"><Data ss:Type="String">951</Data></Cell><Cell ss:StyleID="s22"><Data ss:Type="String">860</Data></Cell><Cell ss:StyleID="s22"><Data ss:Type="String">962</Data></Cell><Cell ss:StyleID="s22"><Data ss:Type="String">962</Data></Cell><Cell ss:StyleID="s22"><Data ss:Type="String">951</Data></Cell><Cell ss:StyleID="s22"><Data ss:Type="String">859</Data></Cell><Cell ss:StyleID="s22"><Data ss:Type="String">869</Data></Cell><Cell ss:StyleID="s22"><Data ss:Type="String">948</Data></Cell><Cell ss:StyleID="s22"><Data ss:Type="String">955</Data></Cell><Cell ss:StyleID="s22"><Data ss:Type="String">862</Data></Cell><Cell ss:StyleID="s22"><Data ss:Type="String">968</Data></Cell><Cell ss:StyleID="s22"><Data ss:Type="String">967</Data></Cell><Cell ss:StyleID="s22"><Data ss:Type="String">957</Data></Cell><Cell ss:StyleID="s22"><Data ss:Type="String">861</Data></Cell><Cell ss:StyleID="s22"><Data ss:Type="String">935</Data></Cell><Cell ss:StyleID="s22"><Data ss:Type="String">906</Data></Cell><Cell ss:StyleID="s22"><Data ss:Type="String">912</Data></Cell><Cell ss:StyleID="s22"><Data ss:Type="String">822</Data></Cell><Cell ss:StyleID="s22"><Data ss:Type="String">911</Data></Cell><Cell ss:StyleID="s22"><Data ss:Type="String">917</Data></Cell><Cell ss:StyleID="s22"><Data ss:Type="String">911</Data></Cell><Cell ss:StyleID="s22"><Data ss:Type="String">812</Data></Cell><Cell ss:StyleID="s22"><Data ss:Type="String">852</Data></Cell></Row><Row><Cell ss:StyleID="s32"><Data ss:Type="String">R-squared</Data></Cell><Cell ss:StyleID="s22"><Data ss:Type="String">0.04</Data></Cell><Cell ss:StyleID="s22"><Data ss:Type="String">0.06</Data></Cell><Cell ss:StyleID="s22"><Data ss:Type="String">0.04</Data></Cell><Cell ss:StyleID="s22"><Data ss:Type="String">0.02</Data></Cell><Cell ss:StyleID="s22"><Data ss:Type="String">0.04</Data></Cell><Cell ss:StyleID="s22"><Data ss:Type="String">0.04</Data></Cell><Cell ss:StyleID="s22"><Data ss:Type="String">0.05</Data></Cell><Cell ss:StyleID="s22"><Data ss:Type="String">0.11</Data></Cell><Cell ss:StyleID="s22"><Data ss:Type="String">0.00</Data></Cell><Cell ss:StyleID="s22"><Data ss:Type="String">0.02</Data></Cell><Cell ss:StyleID="s22"><Data ss:Type="String">0.02</Data></Cell><Cell ss:StyleID="s22"><Data ss:Type="String">0.01</Data></Cell><Cell ss:StyleID="s22"><Data ss:Type="String">0.29</Data></Cell><Cell ss:StyleID="s22"><Data ss:Type="String">0.02</Data></Cell><Cell ss:StyleID="s22"><Data ss:Type="String">0.00</Data></Cell><Cell ss:StyleID="s22"><Data ss:Type="String">0.10</Data></Cell><Cell ss:StyleID="s22"><Data ss:Type="String">0.03</Data></Cell><Cell ss:StyleID="s22"><Data ss:Type="String">0.00</Data></Cell><Cell ss:StyleID="s22"><Data ss:Type="String">0.00</Data></Cell><Cell ss:StyleID="s22"><Data ss:Type="String">0.01</Data></Cell><Cell ss:StyleID="s22"><Data ss:Type="String">0.00</Data></Cell><Cell ss:StyleID="s22"><Data ss:Type="String">0.04</Data></Cell><Cell ss:StyleID="s22"><Data ss:Type="String">0.05</Data></Cell><Cell ss:StyleID="s22"><Data ss:Type="String">0.10</Data></Cell></Row><Row><Cell ss:StyleID="s32"><Data ss:Type="String">TFE</Data></Cell><Cell ss:StyleID="s22"><Data ss:Type="String">yes</Data></Cell><Cell ss:StyleID="s22"><Data ss:Type="String">yes</Data></Cell><Cell ss:StyleID="s22"><Data ss:Type="String">yes</Data></Cell><Cell ss:StyleID="s22"><Data ss:Type="String">yes</Data></Cell><Cell ss:StyleID="s22"><Data ss:Type="String">yes</Data></Cell><Cell ss:StyleID="s22"><Data ss:Type="String">yes</Data></Cell><Cell ss:StyleID="s22"><Data ss:Type="String">yes</Data></Cell><Cell ss:StyleID="s22"><Data ss:Type="String">yes</Data></Cell><Cell ss:StyleID="s22"><Data ss:Type="String">yes</Data></Cell><Cell ss:StyleID="s22"><Data ss:Type="String">yes</Data></Cell><Cell ss:StyleID="s22"><Data ss:Type="String">yes</Data></Cell><Cell ss:StyleID="s22"><Data ss:Type="String">yes</Data></Cell><Cell ss:StyleID="s22"><Data ss:Type="String">yes</Data></Cell><Cell ss:StyleID="s22"><Data ss:Type="String">yes</Data></Cell><Cell ss:StyleID="s22"><Data ss:Type="String">yes</Data></Cell><Cell ss:StyleID="s22"><Data ss:Type="String">yes</Data></Cell><Cell ss:StyleID="s22"><Data ss:Type="String">yes</Data></Cell><Cell ss:StyleID="s22"><Data ss:Type="String">yes</Data></Cell><Cell ss:StyleID="s22"><Data ss:Type="String">yes</Data></Cell><Cell ss:StyleID="s22"><Data ss:Type="String">yes</Data></Cell><Cell ss:StyleID="s22"><Data ss:Type="String">yes</Data></Cell><Cell ss:StyleID="s22"><Data ss:Type="String">yes</Data></Cell><Cell ss:StyleID="s22"><Data ss:Type="String">yes</Data></Cell><Cell ss:StyleID="s22"><Data ss:Type="String">yes</Data></Cell></Row><Row><Cell ss:StyleID="s33"><Data ss:Type="String">Share non-rounders</Data></Cell><Cell ss:StyleID="s23"><Data ss:Type="String">7.64</Data></Cell><Cell ss:StyleID="s23"><Data ss:Type="String">7.23</Data></Cell><Cell ss:StyleID="s23"><Data ss:Type="String">8.34</Data></Cell><Cell ss:StyleID="s23"><Data ss:Type="String">7.76</Data></Cell><Cell ss:StyleID="s23"><Data ss:Type="String">8.48</Data></Cell><Cell ss:StyleID="s23"><Data ss:Type="String">8.32</Data></Cell><Cell ss:StyleID="s23"><Data ss:Type="String">8.32</Data></Cell><Cell ss:StyleID="s23"><Data ss:Type="String">7.56</Data></Cell><Cell ss:StyleID="s23"><Data ss:Type="String">8.12</Data></Cell><Cell ss:StyleID="s23"><Data ss:Type="String">6.59</Data></Cell><Cell ss:StyleID="s23"><Data ss:Type="String">8.42</Data></Cell><Cell ss:StyleID="s23"><Data ss:Type="String">8.22</Data></Cell><Cell ss:StyleID="s23"><Data ss:Type="String">8.02</Data></Cell><Cell ss:StyleID="s23"><Data ss:Type="String">7.48</Data></Cell><Cell ss:StyleID="s23"><Data ss:Type="String">8.20</Data></Cell><Cell ss:StyleID="s23"><Data ss:Type="String">8.13</Data></Cell><Cell ss:StyleID="s23"><Data ss:Type="String">7.38</Data></Cell><Cell ss:StyleID="s23"><Data ss:Type="String">7.31</Data></Cell><Cell ss:StyleID="s23"><Data ss:Type="String">8.24</Data></Cell><Cell ss:StyleID="s23"><Data ss:Type="String">7.77</Data></Cell><Cell ss:StyleID="s23"><Data ss:Type="String">8.11</Data></Cell><Cell ss:StyleID="s23"><Data ss:Type="String">7.18</Data></Cell><Cell ss:StyleID="s23"><Data ss:Type="String">7.71</Data></Cell><Cell ss:StyleID="s23"><Data ss:Type="String">7.58</Data></Cell></Row><Row><Cell ss:StyleID="s24"><Data ss:Type="String">Standard errors in parentheses</Data></Cell></Row><Row><Cell ss:StyleID="s24"><Data ss:Type="String">* p&lt;0.05</Data></Cell></Row></Table><WorksheetOptions xmlns="urn:schemas-microsoft-com:office:excel"><ProtectedObjects>False</ProtectedObjects><ProtectedScenarios>False</ProtectedScenarios></WorksheetOptions></Worksheet></Workbook>