<?xml version="1.0" encoding="US-ASCII" standalone="yes"?><?mso-application progid="Excel.Sheet"?><Workbook xmlns="urn:schemas-microsoft-com:office:spreadsheet" xmlns:o="urn:schemas-microsoft-com:office:office" xmlns:x="urn:schemas-microsoft-com:office:excel" xmlns:ss="urn:schemas-microsoft-com:office:spreadsheet" xmlns:html="http://www.w3.org/TR/REC-html40"><DocumentProperties xmlns="urn:schemas-microsoft-com:office:office"><Author></Author><LastAuthor></LastAuthor><Created></Created><LastSaved></LastSaved><Company></Company><Version></Version></DocumentProperties><ExcelWorkbook  xmlns="urn:schemas-microsoft-com:office:excel"><ProtectStructure>False</ProtectStructure><ProtectWindows>False</ProtectWindows></ExcelWorkbook><Styles><Style ss:ID="Default" ss:Name="Normal"><Alignment ss:Vertical="Bottom"/><Borders/><Font ss:FontName="Calibri" ss:Size="10"/><Interior/><NumberFormat/><Protection/></Style><Style ss:ID="s1"><Font ss:FontName="Calibri" ss:Bold="1" ss:Size="12"/><NumberFormat/></Style><Style ss:ID="s21"><Alignment ss:Horizontal="Center" ss:Vertical="Bottom"/><NumberFormat/><Font ss:FontName="Calibri" ss:Size="10"/><Borders><Border ss:Position="Top" ss:LineStyle="Continuous" ss:Weight="1"/></Borders></Style><Style ss:ID="s22"><Alignment ss:Horizontal="Center" ss:Vertical="Bottom"/><Font ss:FontName="Calibri" ss:Size="10"/><NumberFormat/></Style><Style ss:ID="s23"><Alignment ss:Horizontal="Center" ss:Vertical="Bottom"/><NumberFormat/><Font ss:FontName="Calibri" ss:Size="10"/><Borders><Border ss:Position="Bottom" ss:LineStyle="Continuous" ss:Weight="1"/></Borders></Style><Style ss:ID="s24"><Font ss:FontName="Calibri" ss:Size="10"/><NumberFormat/></Style><Style ss:ID="s31"><Font ss:FontName="Calibri" ss:Size="10"/><Borders><Border ss:Position="Top" ss:LineStyle="Continuous" ss:Weight="1"/></Borders></Style><Style ss:ID="s32"><Font ss:FontName="Calibri" ss:Size="10"/><Borders/></Style><Style ss:ID="s33"><Font ss:FontName="Calibri" ss:Size="10"/><Borders><Border ss:Position="Bottom" ss:LineStyle="Continuous" ss:Weight="1"/></Borders></Style></Styles><Names></Names><Worksheet ss:Name="Sheet1"><Table ss:ExpandedColumnCount="25" ss:ExpandedRowCount="20" x:FullColumns="1" x:FullRows="1"><Column ss:AutoFitWidth="0" ss:Width="108"/><Column ss:AutoFitWidth="0" ss:Width="58"/><Column ss:AutoFitWidth="0" ss:Width="58"/><Column ss:AutoFitWidth="0" ss:Width="58"/><Column ss:AutoFitWidth="0" ss:Width="58"/><Column ss:AutoFitWidth="0" ss:Width="58"/><Column ss:AutoFitWidth="0" ss:Width="58"/><Column ss:AutoFitWidth="0" ss:Width="58"/><Column ss:AutoFitWidth="0" ss:Width="58"/><Column ss:AutoFitWidth="0" ss:Width="58"/><Column ss:AutoFitWidth="0" ss:Width="58"/><Column ss:AutoFitWidth="0" ss:Width="58"/><Column ss:AutoFitWidth="0" ss:Width="58"/><Column ss:AutoFitWidth="0" ss:Width="58"/><Column ss:AutoFitWidth="0" ss:Width="58"/><Column ss:AutoFitWidth="0" ss:Width="58"/><Column ss:AutoFitWidth="0" ss:Width="58"/><Column ss:AutoFitWidth="0" ss:Width="58"/><Column ss:AutoFitWidth="0" ss:Width="58"/><Column ss:AutoFitWidth="0" ss:Width="58"/><Column ss:AutoFitWidth="0" ss:Width="58"/><Column ss:AutoFitWidth="0" ss:Width="58"/><Column ss:AutoFitWidth="0" ss:Width="58"/><Column ss:AutoFitWidth="0" ss:Width="58"/><Column ss:AutoFitWidth="0" ss:Width="58"/><Row></Row><Row><Cell ss:StyleID="s31"><Data ss:Type="String"></Data></Cell><Cell ss:StyleID="s21"><Data ss:Type="String">(1)</Data></Cell><Cell ss:StyleID="s21"><Data ss:Type="String">(2)</Data></Cell><Cell ss:StyleID="s21"><Data ss:Type="String">(3)</Data></Cell><Cell ss:StyleID="s21"><Data ss:Type="String">(4)</Data></Cell><Cell ss:StyleID="s21"><Data ss:Type="String">(5)</Data></Cell><Cell ss:StyleID="s21"><Data ss:Type="String">(6)</Data></Cell><Cell ss:StyleID="s21"><Data ss:Type="String">(7)</Data></Cell><Cell ss:StyleID="s21"><Data ss:Type="String">(8)</Data></Cell><Cell ss:StyleID="s21"><Data ss:Type="String">(9)</Data></Cell><Cell ss:StyleID="s21"><Data ss:Type="String">(10)</Data></Cell><Cell ss:StyleID="s21"><Data ss:Type="String">(11)</Data></Cell><Cell ss:StyleID="s21"><Data ss:Type="String">(12)</Data></Cell><Cell ss:StyleID="s21"><Data ss:Type="String">(13)</Data></Cell><Cell ss:StyleID="s21"><Data ss:Type="String">(14)</Data></Cell><Cell ss:StyleID="s21"><Data ss:Type="String">(15)</Data></Cell><Cell ss:StyleID="s21"><Data ss:Type="String">(16)</Data></Cell><Cell ss:StyleID="s21"><Data ss:Type="String">(17)</Data></Cell><Cell ss:StyleID="s21"><Data ss:Type="String">(18)</Data></Cell><Cell ss:StyleID="s21"><Data ss:Type="String">(19)</Data></Cell><Cell ss:StyleID="s21"><Data ss:Type="String">(20)</Data></Cell><Cell ss:StyleID="s21"><Data ss:Type="String">(21)</Data></Cell><Cell ss:StyleID="s21"><Data ss:Type="String">(22)</Data></Cell><Cell ss:StyleID="s21"><Data ss:Type="String">(23)</Data></Cell><Cell ss:StyleID="s21"><Data ss:Type="String">(24)</Data></Cell></Row><Row><Cell ss:StyleID="s32"><Data ss:Type="String"></Data></Cell><Cell ss:StyleID="s22"><Data ss:Type="String">i</Data></Cell><Cell ss:StyleID="s22"><Data ss:Type="String">i</Data></Cell><Cell ss:StyleID="s22"><Data ss:Type="String">i</Data></Cell><Cell ss:StyleID="s22"><Data ss:Type="String">i</Data></Cell><Cell ss:StyleID="s22"><Data ss:Type="String">i</Data></Cell><Cell ss:StyleID="s22"><Data ss:Type="String">i</Data></Cell><Cell ss:StyleID="s22"><Data ss:Type="String">i</Data></Cell><Cell ss:StyleID="s22"><Data ss:Type="String">i</Data></Cell><Cell ss:StyleID="s22"><Data ss:Type="String">g</Data></Cell><Cell ss:StyleID="s22"><Data ss:Type="String">g</Data></Cell><Cell ss:StyleID="s22"><Data ss:Type="String">g</Data></Cell><Cell ss:StyleID="s22"><Data ss:Type="String">g</Data></Cell><Cell ss:StyleID="s22"><Data ss:Type="String">g</Data></Cell><Cell ss:StyleID="s22"><Data ss:Type="String">g</Data></Cell><Cell ss:StyleID="s22"><Data ss:Type="String">g</Data></Cell><Cell ss:StyleID="s22"><Data ss:Type="String">g</Data></Cell><Cell ss:StyleID="s22"><Data ss:Type="String">u</Data></Cell><Cell ss:StyleID="s22"><Data ss:Type="String">u</Data></Cell><Cell ss:StyleID="s22"><Data ss:Type="String">u</Data></Cell><Cell ss:StyleID="s22"><Data ss:Type="String">u</Data></Cell><Cell ss:StyleID="s22"><Data ss:Type="String">u</Data></Cell><Cell ss:StyleID="s22"><Data ss:Type="String">u</Data></Cell><Cell ss:StyleID="s22"><Data ss:Type="String">u</Data></Cell><Cell ss:StyleID="s22"><Data ss:Type="String">u</Data></Cell></Row><Row><Cell ss:StyleID="s32"><Data ss:Type="String">VARIABLES</Data></Cell><Cell ss:StyleID="s22"><Data ss:Type="String">h=8</Data></Cell><Cell ss:StyleID="s22"><Data ss:Type="String">h=7</Data></Cell><Cell ss:StyleID="s22"><Data ss:Type="String">h=6</Data></Cell><Cell ss:StyleID="s22"><Data ss:Type="String">h=5</Data></Cell><Cell ss:StyleID="s22"><Data ss:Type="String">h=4</Data></Cell><Cell ss:StyleID="s22"><Data ss:Type="String">h=3</Data></Cell><Cell ss:StyleID="s22"><Data ss:Type="String">h=2</Data></Cell><Cell ss:StyleID="s22"><Data ss:Type="String">h=1</Data></Cell><Cell ss:StyleID="s22"><Data ss:Type="String">h=8</Data></Cell><Cell ss:StyleID="s22"><Data ss:Type="String">h=7</Data></Cell><Cell ss:StyleID="s22"><Data ss:Type="String">h=6</Data></Cell><Cell ss:StyleID="s22"><Data ss:Type="String">h=5</Data></Cell><Cell ss:StyleID="s22"><Data ss:Type="String">h=4</Data></Cell><Cell ss:StyleID="s22"><Data ss:Type="String">h=3</Data></Cell><Cell ss:StyleID="s22"><Data ss:Type="String">h=2</Data></Cell><Cell ss:StyleID="s22"><Data ss:Type="String">h=1</Data></Cell><Cell ss:StyleID="s22"><Data ss:Type="String">h=8</Data></Cell><Cell ss:StyleID="s22"><Data ss:Type="String">h=7</Data></Cell><Cell ss:StyleID="s22"><Data ss:Type="String">h=6</Data></Cell><Cell ss:StyleID="s22"><Data ss:Type="String">h=5</Data></Cell><Cell ss:StyleID="s22"><Data ss:Type="String">h=4</Data></Cell><Cell ss:StyleID="s22"><Data ss:Type="String">h=3</Data></Cell><Cell ss:StyleID="s22"><Data ss:Type="String">h=2</Data></Cell><Cell ss:StyleID="s22"><Data ss:Type="String">h=1</Data></Cell></Row><Row><Cell ss:StyleID="s31"><Data ss:Type="String"></Data></Cell><Cell ss:StyleID="s21"><Data ss:Type="String"></Data></Cell><Cell ss:StyleID="s21"><Data ss:Type="String"></Data></Cell><Cell ss:StyleID="s21"><Data ss:Type="String"></Data></Cell><Cell ss:StyleID="s21"><Data ss:Type="String"></Data></Cell><Cell ss:StyleID="s21"><Data ss:Type="String"></Data></Cell><Cell ss:StyleID="s21"><Data ss:Type="String"></Data></Cell><Cell ss:StyleID="s21"><Data ss:Type="String"></Data></Cell><Cell ss:StyleID="s21"><Data ss:Type="String"></Data></Cell><Cell ss:StyleID="s21"><Data ss:Type="String"></Data></Cell><Cell ss:StyleID="s21"><Data ss:Type="String"></Data></Cell><Cell ss:StyleID="s21"><Data ss:Type="String"></Data></Cell><Cell ss:StyleID="s21"><Data ss:Type="String"></Data></Cell><Cell ss:StyleID="s21"><Data ss:Type="String"></Data></Cell><Cell ss:StyleID="s21"><Data ss:Type="String"></Data></Cell><Cell ss:StyleID="s21"><Data ss:Type="String"></Data></Cell><Cell ss:StyleID="s21"><Data ss:Type="String"></Data></Cell><Cell ss:StyleID="s21"><Data ss:Type="String"></Data></Cell><Cell ss:StyleID="s21"><Data ss:Type="String"></Data></Cell><Cell ss:StyleID="s21"><Data ss:Type="String"></Data></Cell><Cell ss:StyleID="s21"><Data ss:Type="String"></Data></Cell><Cell ss:StyleID="s21"><Data ss:Type="String"></Data></Cell><Cell ss:StyleID="s21"><Data ss:Type="String"></Data></Cell><Cell ss:StyleID="s21"><Data ss:Type="String"></Data></Cell><Cell ss:StyleID="s21"><Data ss:Type="String"></Data></Cell></Row><Row><Cell ss:StyleID="s32"><Data ss:Type="String">bin_m10_i</Data></Cell><Cell ss:StyleID="s22"><Data ss:Type="String">-0.08*</Data></Cell><Cell ss:StyleID="s22"><Data ss:Type="String">-0.07*</Data></Cell><Cell ss:StyleID="s22"><Data ss:Type="String">-0.06*</Data></Cell><Cell ss:StyleID="s22"><Data ss:Type="String">-0.05*</Data></Cell><Cell ss:StyleID="s22"><Data ss:Type="String">-0.05*</Data></Cell><Cell ss:StyleID="s22"><Data ss:Type="String">-0.02</Data></Cell><Cell ss:StyleID="s22"><Data ss:Type="String">-0.01</Data></Cell><Cell ss:StyleID="s22"><Data ss:Type="String">0.06*</Data></Cell><Cell ss:StyleID="s22"><Data ss:Type="String"></Data></Cell><Cell ss:StyleID="s22"><Data ss:Type="String"></Data></Cell><Cell ss:StyleID="s22"><Data ss:Type="String"></Data></Cell><Cell ss:StyleID="s22"><Data ss:Type="String"></Data></Cell><Cell ss:StyleID="s22"><Data ss:Type="String"></Data></Cell><Cell ss:StyleID="s22"><Data ss:Type="String"></Data></Cell><Cell ss:StyleID="s22"><Data ss:Type="String"></Data></Cell><Cell ss:StyleID="s22"><Data ss:Type="String"></Data></Cell><Cell ss:StyleID="s22"><Data ss:Type="String"></Data></Cell><Cell ss:StyleID="s22"><Data ss:Type="String"></Data></Cell><Cell ss:StyleID="s22"><Data ss:Type="String"></Data></Cell><Cell ss:StyleID="s22"><Data ss:Type="String"></Data></Cell><Cell ss:StyleID="s22"><Data ss:Type="String"></Data></Cell><Cell ss:StyleID="s22"><Data ss:Type="String"></Data></Cell><Cell ss:StyleID="s22"><Data ss:Type="String"></Data></Cell><Cell ss:StyleID="s22"><Data ss:Type="String"></Data></Cell></Row><Row><Cell ss:StyleID="s32"><Data ss:Type="String"></Data></Cell><Cell ss:StyleID="s22"><Data ss:Type="String">(0.02)</Data></Cell><Cell ss:StyleID="s22"><Data ss:Type="String">(0.02)</Data></Cell><Cell ss:StyleID="s22"><Data ss:Type="String">(0.02)</Data></Cell><Cell ss:StyleID="s22"><Data ss:Type="String">(0.02)</Data></Cell><Cell ss:StyleID="s22"><Data ss:Type="String">(0.02)</Data></Cell><Cell ss:StyleID="s22"><Data ss:Type="String">(0.02)</Data></Cell><Cell ss:StyleID="s22"><Data ss:Type="String">(0.02)</Data></Cell><Cell ss:StyleID="s22"><Data ss:Type="String">(0.02)</Data></Cell><Cell ss:StyleID="s22"><Data ss:Type="String"></Data></Cell><Cell ss:StyleID="s22"><Data ss:Type="String"></Data></Cell><Cell ss:StyleID="s22"><Data ss:Type="String"></Data></Cell><Cell ss:StyleID="s22"><Data ss:Type="String"></Data></Cell><Cell ss:StyleID="s22"><Data ss:Type="String"></Data></Cell><Cell ss:StyleID="s22"><Data ss:Type="String"></Data></Cell><Cell ss:StyleID="s22"><Data ss:Type="String"></Data></Cell><Cell ss:StyleID="s22"><Data ss:Type="String"></Data></Cell><Cell ss:StyleID="s22"><Data ss:Type="String"></Data></Cell><Cell ss:StyleID="s22"><Data ss:Type="String"></Data></Cell><Cell ss:StyleID="s22"><Data ss:Type="String"></Data></Cell><Cell ss:StyleID="s22"><Data ss:Type="String"></Data></Cell><Cell ss:StyleID="s22"><Data ss:Type="String"></Data></Cell><Cell ss:StyleID="s22"><Data ss:Type="String"></Data></Cell><Cell ss:StyleID="s22"><Data ss:Type="String"></Data></Cell><Cell ss:StyleID="s22"><Data ss:Type="String"></Data></Cell></Row><Row><Cell ss:StyleID="s32"><Data ss:Type="String">bin_m10_g</Data></Cell><Cell ss:StyleID="s22"><Data ss:Type="String"></Data></Cell><Cell ss:StyleID="s22"><Data ss:Type="String"></Data></Cell><Cell ss:StyleID="s22"><Data ss:Type="String"></Data></Cell><Cell ss:StyleID="s22"><Data ss:Type="String"></Data></Cell><Cell ss:StyleID="s22"><Data ss:Type="String"></Data></Cell><Cell ss:StyleID="s22"><Data ss:Type="String"></Data></Cell><Cell ss:StyleID="s22"><Data ss:Type="String"></Data></Cell><Cell ss:StyleID="s22"><Data ss:Type="String"></Data></Cell><Cell ss:StyleID="s22"><Data ss:Type="String">-0.11*</Data></Cell><Cell ss:StyleID="s22"><Data ss:Type="String">-0.11*</Data></Cell><Cell ss:StyleID="s22"><Data ss:Type="String">-0.09*</Data></Cell><Cell ss:StyleID="s22"><Data ss:Type="String">-0.08*</Data></Cell><Cell ss:StyleID="s22"><Data ss:Type="String">-0.04</Data></Cell><Cell ss:StyleID="s22"><Data ss:Type="String">-0.07*</Data></Cell><Cell ss:StyleID="s22"><Data ss:Type="String">-0.05</Data></Cell><Cell ss:StyleID="s22"><Data ss:Type="String">0.06*</Data></Cell><Cell ss:StyleID="s22"><Data ss:Type="String"></Data></Cell><Cell ss:StyleID="s22"><Data ss:Type="String"></Data></Cell><Cell ss:StyleID="s22"><Data ss:Type="String"></Data></Cell><Cell ss:StyleID="s22"><Data ss:Type="String"></Data></Cell><Cell ss:StyleID="s22"><Data ss:Type="String"></Data></Cell><Cell ss:StyleID="s22"><Data ss:Type="String"></Data></Cell><Cell ss:StyleID="s22"><Data ss:Type="String"></Data></Cell><Cell ss:StyleID="s22"><Data ss:Type="String"></Data></Cell></Row><Row><Cell ss:StyleID="s32"><Data ss:Type="String"></Data></Cell><Cell ss:StyleID="s22"><Data ss:Type="String"></Data></Cell><Cell ss:StyleID="s22"><Data ss:Type="String"></Data></Cell><Cell ss:StyleID="s22"><Data ss:Type="String"></Data></Cell><Cell ss:StyleID="s22"><Data ss:Type="String"></Data></Cell><Cell ss:StyleID="s22"><Data ss:Type="String"></Data></Cell><Cell ss:StyleID="s22"><Data ss:Type="String"></Data></Cell><Cell ss:StyleID="s22"><Data ss:Type="String"></Data></Cell><Cell ss:StyleID="s22"><Data ss:Type="String"></Data></Cell><Cell ss:StyleID="s22"><Data ss:Type="String">(0.02)</Data></Cell><Cell ss:StyleID="s22"><Data ss:Type="String">(0.02)</Data></Cell><Cell ss:StyleID="s22"><Data ss:Type="String">(0.02)</Data></Cell><Cell ss:StyleID="s22"><Data ss:Type="String">(0.02)</Data></Cell><Cell ss:StyleID="s22"><Data ss:Type="String">(0.02)</Data></Cell><Cell ss:StyleID="s22"><Data ss:Type="String">(0.02)</Data></Cell><Cell ss:StyleID="s22"><Data ss:Type="String">(0.03)</Data></Cell><Cell ss:StyleID="s22"><Data ss:Type="String">(0.02)</Data></Cell><Cell ss:StyleID="s22"><Data ss:Type="String"></Data></Cell><Cell ss:StyleID="s22"><Data ss:Type="String"></Data></Cell><Cell ss:StyleID="s22"><Data ss:Type="String"></Data></Cell><Cell ss:StyleID="s22"><Data ss:Type="String"></Data></Cell><Cell ss:StyleID="s22"><Data ss:Type="String"></Data></Cell><Cell ss:StyleID="s22"><Data ss:Type="String"></Data></Cell><Cell ss:StyleID="s22"><Data ss:Type="String"></Data></Cell><Cell ss:StyleID="s22"><Data ss:Type="String"></Data></Cell></Row><Row><Cell ss:StyleID="s32"><Data ss:Type="String">bin_m10_u</Data></Cell><Cell ss:StyleID="s22"><Data ss:Type="String"></Data></Cell><Cell ss:StyleID="s22"><Data ss:Type="String"></Data></Cell><Cell ss:StyleID="s22"><Data ss:Type="String"></Data></Cell><Cell ss:StyleID="s22"><Data ss:Type="String"></Data></Cell><Cell ss:StyleID="s22"><Data ss:Type="String"></Data></Cell><Cell ss:StyleID="s22"><Data ss:Type="String"></Data></Cell><Cell ss:StyleID="s22"><Data ss:Type="String"></Data></Cell><Cell ss:StyleID="s22"><Data ss:Type="String"></Data></Cell><Cell ss:StyleID="s22"><Data ss:Type="String"></Data></Cell><Cell ss:StyleID="s22"><Data ss:Type="String"></Data></Cell><Cell ss:StyleID="s22"><Data ss:Type="String"></Data></Cell><Cell ss:StyleID="s22"><Data ss:Type="String"></Data></Cell><Cell ss:StyleID="s22"><Data ss:Type="String"></Data></Cell><Cell ss:StyleID="s22"><Data ss:Type="String"></Data></Cell><Cell ss:StyleID="s22"><Data ss:Type="String"></Data></Cell><Cell ss:StyleID="s22"><Data ss:Type="String"></Data></Cell><Cell ss:StyleID="s22"><Data ss:Type="String">-0.08*</Data></Cell><Cell ss:StyleID="s22"><Data ss:Type="String">-0.05*</Data></Cell><Cell ss:StyleID="s22"><Data ss:Type="String">-0.06*</Data></Cell><Cell ss:StyleID="s22"><Data ss:Type="String">-0.06*</Data></Cell><Cell ss:StyleID="s22"><Data ss:Type="String">-0.04</Data></Cell><Cell ss:StyleID="s22"><Data ss:Type="String">0.01</Data></Cell><Cell ss:StyleID="s22"><Data ss:Type="String">0.04</Data></Cell><Cell ss:StyleID="s22"><Data ss:Type="String">0.04</Data></Cell></Row><Row><Cell ss:StyleID="s32"><Data ss:Type="String"></Data></Cell><Cell ss:StyleID="s22"><Data ss:Type="String"></Data></Cell><Cell ss:StyleID="s22"><Data ss:Type="String"></Data></Cell><Cell ss:StyleID="s22"><Data ss:Type="String"></Data></Cell><Cell ss:StyleID="s22"><Data ss:Type="String"></Data></Cell><Cell ss:StyleID="s22"><Data ss:Type="String"></Data></Cell><Cell ss:StyleID="s22"><Data ss:Type="String"></Data></Cell><Cell ss:StyleID="s22"><Data ss:Type="String"></Data></Cell><Cell ss:StyleID="s22"><Data ss:Type="String"></Data></Cell><Cell ss:StyleID="s22"><Data ss:Type="String"></Data></Cell><Cell ss:StyleID="s22"><Data ss:Type="String"></Data></Cell><Cell ss:StyleID="s22"><Data ss:Type="String"></Data></Cell><Cell ss:StyleID="s22"><Data ss:Type="String"></Data></Cell><Cell ss:StyleID="s22"><Data ss:Type="String"></Data></Cell><Cell ss:StyleID="s22"><Data ss:Type="String"></Data></Cell><Cell ss:StyleID="s22"><Data ss:Type="String"></Data></Cell><Cell ss:StyleID="s22"><Data ss:Type="String"></Data></Cell><Cell ss:StyleID="s22"><Data ss:Type="String">(0.02)</Data></Cell><Cell ss:StyleID="s22"><Data ss:Type="String">(0.02)</Data></Cell><Cell ss:StyleID="s22"><Data ss:Type="String">(0.02)</Data></Cell><Cell ss:StyleID="s22"><Data ss:Type="String">(0.02)</Data></Cell><Cell ss:StyleID="s22"><Data ss:Type="String">(0.02)</Data></Cell><Cell ss:StyleID="s22"><Data ss:Type="String">(0.02)</Data></Cell><Cell ss:StyleID="s22"><Data ss:Type="String">(0.02)</Data></Cell><Cell ss:StyleID="s22"><Data ss:Type="String">(0.03)</Data></Cell></Row><Row><Cell ss:StyleID="s32"><Data ss:Type="String">Constant</Data></Cell><Cell ss:StyleID="s22"><Data ss:Type="String">1.25*</Data></Cell><Cell ss:StyleID="s22"><Data ss:Type="String">0.85*</Data></Cell><Cell ss:StyleID="s22"><Data ss:Type="String">0.99*</Data></Cell><Cell ss:StyleID="s22"><Data ss:Type="String">0.94*</Data></Cell><Cell ss:StyleID="s22"><Data ss:Type="String">0.94*</Data></Cell><Cell ss:StyleID="s22"><Data ss:Type="String">0.94*</Data></Cell><Cell ss:StyleID="s22"><Data ss:Type="String">0.99*</Data></Cell><Cell ss:StyleID="s22"><Data ss:Type="String">0.17*</Data></Cell><Cell ss:StyleID="s22"><Data ss:Type="String">0.75*</Data></Cell><Cell ss:StyleID="s22"><Data ss:Type="String">1.24*</Data></Cell><Cell ss:StyleID="s22"><Data ss:Type="String">1.12*</Data></Cell><Cell ss:StyleID="s22"><Data ss:Type="String">0.94*</Data></Cell><Cell ss:StyleID="s22"><Data ss:Type="String">0.52*</Data></Cell><Cell ss:StyleID="s22"><Data ss:Type="String">0.66*</Data></Cell><Cell ss:StyleID="s22"><Data ss:Type="String">0.50*</Data></Cell><Cell ss:StyleID="s22"><Data ss:Type="String">0.33*</Data></Cell><Cell ss:StyleID="s22"><Data ss:Type="String">1.21*</Data></Cell><Cell ss:StyleID="s22"><Data ss:Type="String">1.09*</Data></Cell><Cell ss:StyleID="s22"><Data ss:Type="String">1.03*</Data></Cell><Cell ss:StyleID="s22"><Data ss:Type="String">1.00*</Data></Cell><Cell ss:StyleID="s22"><Data ss:Type="String">0.84*</Data></Cell><Cell ss:StyleID="s22"><Data ss:Type="String">0.47*</Data></Cell><Cell ss:StyleID="s22"><Data ss:Type="String">0.41*</Data></Cell><Cell ss:StyleID="s22"><Data ss:Type="String">0.92*</Data></Cell></Row><Row><Cell ss:StyleID="s32"><Data ss:Type="String"></Data></Cell><Cell ss:StyleID="s22"><Data ss:Type="String">(0.04)</Data></Cell><Cell ss:StyleID="s22"><Data ss:Type="String">(0.05)</Data></Cell><Cell ss:StyleID="s22"><Data ss:Type="String">(0.05)</Data></Cell><Cell ss:StyleID="s22"><Data ss:Type="String">(0.03)</Data></Cell><Cell ss:StyleID="s22"><Data ss:Type="String">(0.04)</Data></Cell><Cell ss:StyleID="s22"><Data ss:Type="String">(0.04)</Data></Cell><Cell ss:StyleID="s22"><Data ss:Type="String">(0.06)</Data></Cell><Cell ss:StyleID="s22"><Data ss:Type="String">(0.05)</Data></Cell><Cell ss:StyleID="s22"><Data ss:Type="String">(0.03)</Data></Cell><Cell ss:StyleID="s22"><Data ss:Type="String">(0.03)</Data></Cell><Cell ss:StyleID="s22"><Data ss:Type="String">(0.04)</Data></Cell><Cell ss:StyleID="s22"><Data ss:Type="String">(0.04)</Data></Cell><Cell ss:StyleID="s22"><Data ss:Type="String">(0.04)</Data></Cell><Cell ss:StyleID="s22"><Data ss:Type="String">(0.03)</Data></Cell><Cell ss:StyleID="s22"><Data ss:Type="String">(0.04)</Data></Cell><Cell ss:StyleID="s22"><Data ss:Type="String">(0.04)</Data></Cell><Cell ss:StyleID="s22"><Data ss:Type="String">(0.05)</Data></Cell><Cell ss:StyleID="s22"><Data ss:Type="String">(0.05)</Data></Cell><Cell ss:StyleID="s22"><Data ss:Type="String">(0.03)</Data></Cell><Cell ss:StyleID="s22"><Data ss:Type="String">(0.05)</Data></Cell><Cell ss:StyleID="s22"><Data ss:Type="String">(0.04)</Data></Cell><Cell ss:StyleID="s22"><Data ss:Type="String">(0.05)</Data></Cell><Cell ss:StyleID="s22"><Data ss:Type="String">(0.05)</Data></Cell><Cell ss:StyleID="s22"><Data ss:Type="String">(0.06)</Data></Cell></Row><Row><Cell ss:StyleID="s32"><Data ss:Type="String"></Data></Cell><Cell ss:StyleID="s22"><Data ss:Type="String"></Data></Cell><Cell ss:StyleID="s22"><Data ss:Type="String"></Data></Cell><Cell ss:StyleID="s22"><Data ss:Type="String"></Data></Cell><Cell ss:StyleID="s22"><Data ss:Type="String"></Data></Cell><Cell ss:StyleID="s22"><Data ss:Type="String"></Data></Cell><Cell ss:StyleID="s22"><Data ss:Type="String"></Data></Cell><Cell ss:StyleID="s22"><Data ss:Type="String"></Data></Cell><Cell ss:StyleID="s22"><Data ss:Type="String"></Data></Cell><Cell ss:StyleID="s22"><Data ss:Type="String"></Data></Cell><Cell ss:StyleID="s22"><Data ss:Type="String"></Data></Cell><Cell ss:StyleID="s22"><Data ss:Type="String"></Data></Cell><Cell ss:StyleID="s22"><Data ss:Type="String"></Data></Cell><Cell ss:StyleID="s22"><Data ss:Type="String"></Data></Cell><Cell ss:StyleID="s22"><Data ss:Type="String"></Data></Cell><Cell ss:StyleID="s22"><Data ss:Type="String"></Data></Cell><Cell ss:StyleID="s22"><Data ss:Type="String"></Data></Cell><Cell ss:StyleID="s22"><Data ss:Type="String"></Data></Cell><Cell ss:StyleID="s22"><Data ss:Type="String"></Data></Cell><Cell ss:StyleID="s22"><Data ss:Type="String"></Data></Cell><Cell ss:StyleID="s22"><Data ss:Type="String"></Data></Cell><Cell ss:StyleID="s22"><Data ss:Type="String"></Data></Cell><Cell ss:StyleID="s22"><Data ss:Type="String"></Data></Cell><Cell ss:StyleID="s22"><Data ss:Type="String"></Data></Cell><Cell ss:StyleID="s22"><Data ss:Type="String"></Data></Cell></Row><Row><Cell ss:StyleID="s32"><Data ss:Type="String">Observations</Data></Cell><Cell ss:StyleID="s22"><Data ss:Type="String">942</Data></Cell><Cell ss:StyleID="s22"><Data ss:Type="String">955</Data></Cell><Cell ss:StyleID="s22"><Data ss:Type="String">863</Data></Cell><Cell ss:StyleID="s22"><Data ss:Type="String">967</Data></Cell><Cell ss:StyleID="s22"><Data ss:Type="String">967</Data></Cell><Cell ss:StyleID="s22"><Data ss:Type="String">961</Data></Cell><Cell ss:StyleID="s22"><Data ss:Type="String">877</Data></Cell><Cell ss:StyleID="s22"><Data ss:Type="String">966</Data></Cell><Cell ss:StyleID="s22"><Data ss:Type="String">948</Data></Cell><Cell ss:StyleID="s22"><Data ss:Type="String">956</Data></Cell><Cell ss:StyleID="s22"><Data ss:Type="String">867</Data></Cell><Cell ss:StyleID="s22"><Data ss:Type="String">973</Data></Cell><Cell ss:StyleID="s22"><Data ss:Type="String">972</Data></Cell><Cell ss:StyleID="s22"><Data ss:Type="String">963</Data></Cell><Cell ss:StyleID="s22"><Data ss:Type="String">878</Data></Cell><Cell ss:StyleID="s22"><Data ss:Type="String">972</Data></Cell><Cell ss:StyleID="s22"><Data ss:Type="String">908</Data></Cell><Cell ss:StyleID="s22"><Data ss:Type="String">916</Data></Cell><Cell ss:StyleID="s22"><Data ss:Type="String">825</Data></Cell><Cell ss:StyleID="s22"><Data ss:Type="String">914</Data></Cell><Cell ss:StyleID="s22"><Data ss:Type="String">925</Data></Cell><Cell ss:StyleID="s22"><Data ss:Type="String">919</Data></Cell><Cell ss:StyleID="s22"><Data ss:Type="String">830</Data></Cell><Cell ss:StyleID="s22"><Data ss:Type="String">910</Data></Cell></Row><Row><Cell ss:StyleID="s32"><Data ss:Type="String">R-squared</Data></Cell><Cell ss:StyleID="s22"><Data ss:Type="String">0.46</Data></Cell><Cell ss:StyleID="s22"><Data ss:Type="String">0.43</Data></Cell><Cell ss:StyleID="s22"><Data ss:Type="String">0.49</Data></Cell><Cell ss:StyleID="s22"><Data ss:Type="String">0.47</Data></Cell><Cell ss:StyleID="s22"><Data ss:Type="String">0.36</Data></Cell><Cell ss:StyleID="s22"><Data ss:Type="String">0.31</Data></Cell><Cell ss:StyleID="s22"><Data ss:Type="String">0.39</Data></Cell><Cell ss:StyleID="s22"><Data ss:Type="String">0.30</Data></Cell><Cell ss:StyleID="s22"><Data ss:Type="String">0.52</Data></Cell><Cell ss:StyleID="s22"><Data ss:Type="String">0.58</Data></Cell><Cell ss:StyleID="s22"><Data ss:Type="String">0.61</Data></Cell><Cell ss:StyleID="s22"><Data ss:Type="String">0.53</Data></Cell><Cell ss:StyleID="s22"><Data ss:Type="String">0.59</Data></Cell><Cell ss:StyleID="s22"><Data ss:Type="String">0.51</Data></Cell><Cell ss:StyleID="s22"><Data ss:Type="String">0.46</Data></Cell><Cell ss:StyleID="s22"><Data ss:Type="String">0.42</Data></Cell><Cell ss:StyleID="s22"><Data ss:Type="String">0.37</Data></Cell><Cell ss:StyleID="s22"><Data ss:Type="String">0.48</Data></Cell><Cell ss:StyleID="s22"><Data ss:Type="String">0.43</Data></Cell><Cell ss:StyleID="s22"><Data ss:Type="String">0.40</Data></Cell><Cell ss:StyleID="s22"><Data ss:Type="String">0.30</Data></Cell><Cell ss:StyleID="s22"><Data ss:Type="String">0.37</Data></Cell><Cell ss:StyleID="s22"><Data ss:Type="String">0.38</Data></Cell><Cell ss:StyleID="s22"><Data ss:Type="String">0.30</Data></Cell></Row><Row><Cell ss:StyleID="s32"><Data ss:Type="String">TFE</Data></Cell><Cell ss:StyleID="s22"><Data ss:Type="String">yes</Data></Cell><Cell ss:StyleID="s22"><Data ss:Type="String">yes</Data></Cell><Cell ss:StyleID="s22"><Data ss:Type="String">yes</Data></Cell><Cell ss:StyleID="s22"><Data ss:Type="String">yes</Data></Cell><Cell ss:StyleID="s22"><Data ss:Type="String">yes</Data></Cell><Cell ss:StyleID="s22"><Data ss:Type="String">yes</Data></Cell><Cell ss:StyleID="s22"><Data ss:Type="String">yes</Data></Cell><Cell ss:StyleID="s22"><Data ss:Type="String">yes</Data></Cell><Cell ss:StyleID="s22"><Data ss:Type="String">yes</Data></Cell><Cell ss:StyleID="s22"><Data ss:Type="String">yes</Data></Cell><Cell ss:StyleID="s22"><Data ss:Type="String">yes</Data></Cell><Cell ss:StyleID="s22"><Data ss:Type="String">yes</Data></Cell><Cell ss:StyleID="s22"><Data ss:Type="String">yes</Data></Cell><Cell ss:StyleID="s22"><Data ss:Type="String">yes</Data></Cell><Cell ss:StyleID="s22"><Data ss:Type="String">yes</Data></Cell><Cell ss:StyleID="s22"><Data ss:Type="String">yes</Data></Cell><Cell ss:StyleID="s22"><Data ss:Type="String">yes</Data></Cell><Cell ss:StyleID="s22"><Data ss:Type="String">yes</Data></Cell><Cell ss:StyleID="s22"><Data ss:Type="String">yes</Data></Cell><Cell ss:StyleID="s22"><Data ss:Type="String">yes</Data></Cell><Cell ss:StyleID="s22"><Data ss:Type="String">yes</Data></Cell><Cell ss:StyleID="s22"><Data ss:Type="String">yes</Data></Cell><Cell ss:StyleID="s22"><Data ss:Type="String">yes</Data></Cell><Cell ss:StyleID="s22"><Data ss:Type="String">yes</Data></Cell></Row><Row><Cell ss:StyleID="s33"><Data ss:Type="String">Share non-rounders</Data></Cell><Cell ss:StyleID="s23"><Data ss:Type="String">58.07</Data></Cell><Cell ss:StyleID="s23"><Data ss:Type="String">58.53</Data></Cell><Cell ss:StyleID="s23"><Data ss:Type="String">60.14</Data></Cell><Cell ss:StyleID="s23"><Data ss:Type="String">57.70</Data></Cell><Cell ss:StyleID="s23"><Data ss:Type="String">58.74</Data></Cell><Cell ss:StyleID="s23"><Data ss:Type="String">58.79</Data></Cell><Cell ss:StyleID="s23"><Data ss:Type="String">55.19</Data></Cell><Cell ss:StyleID="s23"><Data ss:Type="String">50.00</Data></Cell><Cell ss:StyleID="s23"><Data ss:Type="String">60.34</Data></Cell><Cell ss:StyleID="s23"><Data ss:Type="String">60.67</Data></Cell><Cell ss:StyleID="s23"><Data ss:Type="String">58.94</Data></Cell><Cell ss:StyleID="s23"><Data ss:Type="String">57.76</Data></Cell><Cell ss:StyleID="s23"><Data ss:Type="String">59.77</Data></Cell><Cell ss:StyleID="s23"><Data ss:Type="String">61.47</Data></Cell><Cell ss:StyleID="s23"><Data ss:Type="String">59.57</Data></Cell><Cell ss:StyleID="s23"><Data ss:Type="String">51.13</Data></Cell><Cell ss:StyleID="s23"><Data ss:Type="String">56.39</Data></Cell><Cell ss:StyleID="s23"><Data ss:Type="String">58.73</Data></Cell><Cell ss:StyleID="s23"><Data ss:Type="String">58.55</Data></Cell><Cell ss:StyleID="s23"><Data ss:Type="String">55.36</Data></Cell><Cell ss:StyleID="s23"><Data ss:Type="String">56.32</Data></Cell><Cell ss:StyleID="s23"><Data ss:Type="String">55.06</Data></Cell><Cell ss:StyleID="s23"><Data ss:Type="String">51.69</Data></Cell><Cell ss:StyleID="s23"><Data ss:Type="String">47.69</Data></Cell></Row><Row><Cell ss:StyleID="s24"><Data ss:Type="String">Standard errors in parentheses</Data></Cell></Row><Row><Cell ss:StyleID="s24"><Data ss:Type="String">* p&lt;0.05</Data></Cell></Row></Table><WorksheetOptions xmlns="urn:schemas-microsoft-com:office:excel"><ProtectedObjects>False</ProtectedObjects><ProtectedScenarios>False</ProtectedScenarios></WorksheetOptions></Worksheet></Workbook>