<?xml version="1.0" encoding="US-ASCII" standalone="yes"?><?mso-application progid="Excel.Sheet"?><Workbook xmlns="urn:schemas-microsoft-com:office:spreadsheet" xmlns:o="urn:schemas-microsoft-com:office:office" xmlns:x="urn:schemas-microsoft-com:office:excel" xmlns:ss="urn:schemas-microsoft-com:office:spreadsheet" xmlns:html="http://www.w3.org/TR/REC-html40"><DocumentProperties xmlns="urn:schemas-microsoft-com:office:office"><Author></Author><LastAuthor></LastAuthor><Created></Created><LastSaved></LastSaved><Company></Company><Version></Version></DocumentProperties><ExcelWorkbook  xmlns="urn:schemas-microsoft-com:office:excel"><ProtectStructure>False</ProtectStructure><ProtectWindows>False</ProtectWindows></ExcelWorkbook><Styles><Style ss:ID="Default" ss:Name="Normal"><Alignment ss:Vertical="Bottom"/><Borders/><Font ss:FontName="Calibri" ss:Size="10"/><Interior/><NumberFormat/><Protection/></Style><Style ss:ID="s1"><Font ss:FontName="Calibri" ss:Bold="1" ss:Size="12"/><NumberFormat/></Style><Style ss:ID="s21"><Alignment ss:Horizontal="Center" ss:Vertical="Bottom"/><NumberFormat/><Font ss:FontName="Calibri" ss:Size="10"/><Borders><Border ss:Position="Top" ss:LineStyle="Continuous" ss:Weight="1"/></Borders></Style><Style ss:ID="s22"><Alignment ss:Horizontal="Center" ss:Vertical="Bottom"/><Font ss:FontName="Calibri" ss:Size="10"/><NumberFormat/></Style><Style ss:ID="s23"><Alignment ss:Horizontal="Center" ss:Vertical="Bottom"/><NumberFormat/><Font ss:FontName="Calibri" ss:Size="10"/><Borders><Border ss:Position="Bottom" ss:LineStyle="Continuous" ss:Weight="1"/></Borders></Style><Style ss:ID="s24"><Font ss:FontName="Calibri" ss:Size="10"/><NumberFormat/></Style><Style ss:ID="s31"><Font ss:FontName="Calibri" ss:Size="10"/><Borders><Border ss:Position="Top" ss:LineStyle="Continuous" ss:Weight="1"/></Borders></Style><Style ss:ID="s32"><Font ss:FontName="Calibri" ss:Size="10"/><Borders/></Style><Style ss:ID="s33"><Font ss:FontName="Calibri" ss:Size="10"/><Borders><Border ss:Position="Bottom" ss:LineStyle="Continuous" ss:Weight="1"/></Borders></Style></Styles><Names></Names><Worksheet ss:Name="Sheet1"><Table ss:ExpandedColumnCount="25" ss:ExpandedRowCount="20" x:FullColumns="1" x:FullRows="1"><Column ss:AutoFitWidth="0" ss:Width="108"/><Column ss:AutoFitWidth="0" ss:Width="58"/><Column ss:AutoFitWidth="0" ss:Width="58"/><Column ss:AutoFitWidth="0" ss:Width="58"/><Column ss:AutoFitWidth="0" ss:Width="58"/><Column ss:AutoFitWidth="0" ss:Width="58"/><Column ss:AutoFitWidth="0" ss:Width="58"/><Column ss:AutoFitWidth="0" ss:Width="58"/><Column ss:AutoFitWidth="0" ss:Width="58"/><Column ss:AutoFitWidth="0" ss:Width="58"/><Column ss:AutoFitWidth="0" ss:Width="58"/><Column ss:AutoFitWidth="0" ss:Width="58"/><Column ss:AutoFitWidth="0" ss:Width="58"/><Column ss:AutoFitWidth="0" ss:Width="58"/><Column ss:AutoFitWidth="0" ss:Width="58"/><Column ss:AutoFitWidth="0" ss:Width="58"/><Column ss:AutoFitWidth="0" ss:Width="58"/><Column ss:AutoFitWidth="0" ss:Width="58"/><Column ss:AutoFitWidth="0" ss:Width="58"/><Column ss:AutoFitWidth="0" ss:Width="58"/><Column ss:AutoFitWidth="0" ss:Width="58"/><Column ss:AutoFitWidth="0" ss:Width="58"/><Column ss:AutoFitWidth="0" ss:Width="58"/><Column ss:AutoFitWidth="0" ss:Width="58"/><Column ss:AutoFitWidth="0" ss:Width="58"/><Row></Row><Row><Cell ss:StyleID="s31"><Data ss:Type="String"></Data></Cell><Cell ss:StyleID="s21"><Data ss:Type="String">(1)</Data></Cell><Cell ss:StyleID="s21"><Data ss:Type="String">(2)</Data></Cell><Cell ss:StyleID="s21"><Data ss:Type="String">(3)</Data></Cell><Cell ss:StyleID="s21"><Data ss:Type="String">(4)</Data></Cell><Cell ss:StyleID="s21"><Data ss:Type="String">(5)</Data></Cell><Cell ss:StyleID="s21"><Data ss:Type="String">(6)</Data></Cell><Cell ss:StyleID="s21"><Data ss:Type="String">(7)</Data></Cell><Cell ss:StyleID="s21"><Data ss:Type="String">(8)</Data></Cell><Cell ss:StyleID="s21"><Data ss:Type="String">(9)</Data></Cell><Cell ss:StyleID="s21"><Data ss:Type="String">(10)</Data></Cell><Cell ss:StyleID="s21"><Data ss:Type="String">(11)</Data></Cell><Cell ss:StyleID="s21"><Data ss:Type="String">(12)</Data></Cell><Cell ss:StyleID="s21"><Data ss:Type="String">(13)</Data></Cell><Cell ss:StyleID="s21"><Data ss:Type="String">(14)</Data></Cell><Cell ss:StyleID="s21"><Data ss:Type="String">(15)</Data></Cell><Cell ss:StyleID="s21"><Data ss:Type="String">(16)</Data></Cell><Cell ss:StyleID="s21"><Data ss:Type="String">(17)</Data></Cell><Cell ss:StyleID="s21"><Data ss:Type="String">(18)</Data></Cell><Cell ss:StyleID="s21"><Data ss:Type="String">(19)</Data></Cell><Cell ss:StyleID="s21"><Data ss:Type="String">(20)</Data></Cell><Cell ss:StyleID="s21"><Data ss:Type="String">(21)</Data></Cell><Cell ss:StyleID="s21"><Data ss:Type="String">(22)</Data></Cell><Cell ss:StyleID="s21"><Data ss:Type="String">(23)</Data></Cell><Cell ss:StyleID="s21"><Data ss:Type="String">(24)</Data></Cell></Row><Row><Cell ss:StyleID="s32"><Data ss:Type="String"></Data></Cell><Cell ss:StyleID="s22"><Data ss:Type="String">i</Data></Cell><Cell ss:StyleID="s22"><Data ss:Type="String">i</Data></Cell><Cell ss:StyleID="s22"><Data ss:Type="String">i</Data></Cell><Cell ss:StyleID="s22"><Data ss:Type="String">i</Data></Cell><Cell ss:StyleID="s22"><Data ss:Type="String">i</Data></Cell><Cell ss:StyleID="s22"><Data ss:Type="String">i</Data></Cell><Cell ss:StyleID="s22"><Data ss:Type="String">i</Data></Cell><Cell ss:StyleID="s22"><Data ss:Type="String">i</Data></Cell><Cell ss:StyleID="s22"><Data ss:Type="String">g</Data></Cell><Cell ss:StyleID="s22"><Data ss:Type="String">g</Data></Cell><Cell ss:StyleID="s22"><Data ss:Type="String">g</Data></Cell><Cell ss:StyleID="s22"><Data ss:Type="String">g</Data></Cell><Cell ss:StyleID="s22"><Data ss:Type="String">g</Data></Cell><Cell ss:StyleID="s22"><Data ss:Type="String">g</Data></Cell><Cell ss:StyleID="s22"><Data ss:Type="String">g</Data></Cell><Cell ss:StyleID="s22"><Data ss:Type="String">g</Data></Cell><Cell ss:StyleID="s22"><Data ss:Type="String">u</Data></Cell><Cell ss:StyleID="s22"><Data ss:Type="String">u</Data></Cell><Cell ss:StyleID="s22"><Data ss:Type="String">u</Data></Cell><Cell ss:StyleID="s22"><Data ss:Type="String">u</Data></Cell><Cell ss:StyleID="s22"><Data ss:Type="String">u</Data></Cell><Cell ss:StyleID="s22"><Data ss:Type="String">u</Data></Cell><Cell ss:StyleID="s22"><Data ss:Type="String">u</Data></Cell><Cell ss:StyleID="s22"><Data ss:Type="String">u</Data></Cell></Row><Row><Cell ss:StyleID="s32"><Data ss:Type="String">VARIABLES</Data></Cell><Cell ss:StyleID="s22"><Data ss:Type="String">h=8</Data></Cell><Cell ss:StyleID="s22"><Data ss:Type="String">h=7</Data></Cell><Cell ss:StyleID="s22"><Data ss:Type="String">h=6</Data></Cell><Cell ss:StyleID="s22"><Data ss:Type="String">h=5</Data></Cell><Cell ss:StyleID="s22"><Data ss:Type="String">h=4</Data></Cell><Cell ss:StyleID="s22"><Data ss:Type="String">h=3</Data></Cell><Cell ss:StyleID="s22"><Data ss:Type="String">h=2</Data></Cell><Cell ss:StyleID="s22"><Data ss:Type="String">h=1</Data></Cell><Cell ss:StyleID="s22"><Data ss:Type="String">h=8</Data></Cell><Cell ss:StyleID="s22"><Data ss:Type="String">h=7</Data></Cell><Cell ss:StyleID="s22"><Data ss:Type="String">h=6</Data></Cell><Cell ss:StyleID="s22"><Data ss:Type="String">h=5</Data></Cell><Cell ss:StyleID="s22"><Data ss:Type="String">h=4</Data></Cell><Cell ss:StyleID="s22"><Data ss:Type="String">h=3</Data></Cell><Cell ss:StyleID="s22"><Data ss:Type="String">h=2</Data></Cell><Cell ss:StyleID="s22"><Data ss:Type="String">h=1</Data></Cell><Cell ss:StyleID="s22"><Data ss:Type="String">h=8</Data></Cell><Cell ss:StyleID="s22"><Data ss:Type="String">h=7</Data></Cell><Cell ss:StyleID="s22"><Data ss:Type="String">h=6</Data></Cell><Cell ss:StyleID="s22"><Data ss:Type="String">h=5</Data></Cell><Cell ss:StyleID="s22"><Data ss:Type="String">h=4</Data></Cell><Cell ss:StyleID="s22"><Data ss:Type="String">h=3</Data></Cell><Cell ss:StyleID="s22"><Data ss:Type="String">h=2</Data></Cell><Cell ss:StyleID="s22"><Data ss:Type="String">h=1</Data></Cell></Row><Row><Cell ss:StyleID="s31"><Data ss:Type="String"></Data></Cell><Cell ss:StyleID="s21"><Data ss:Type="String"></Data></Cell><Cell ss:StyleID="s21"><Data ss:Type="String"></Data></Cell><Cell ss:StyleID="s21"><Data ss:Type="String"></Data></Cell><Cell ss:StyleID="s21"><Data ss:Type="String"></Data></Cell><Cell ss:StyleID="s21"><Data ss:Type="String"></Data></Cell><Cell ss:StyleID="s21"><Data ss:Type="String"></Data></Cell><Cell ss:StyleID="s21"><Data ss:Type="String"></Data></Cell><Cell ss:StyleID="s21"><Data ss:Type="String"></Data></Cell><Cell ss:StyleID="s21"><Data ss:Type="String"></Data></Cell><Cell ss:StyleID="s21"><Data ss:Type="String"></Data></Cell><Cell ss:StyleID="s21"><Data ss:Type="String"></Data></Cell><Cell ss:StyleID="s21"><Data ss:Type="String"></Data></Cell><Cell ss:StyleID="s21"><Data ss:Type="String"></Data></Cell><Cell ss:StyleID="s21"><Data ss:Type="String"></Data></Cell><Cell ss:StyleID="s21"><Data ss:Type="String"></Data></Cell><Cell ss:StyleID="s21"><Data ss:Type="String"></Data></Cell><Cell ss:StyleID="s21"><Data ss:Type="String"></Data></Cell><Cell ss:StyleID="s21"><Data ss:Type="String"></Data></Cell><Cell ss:StyleID="s21"><Data ss:Type="String"></Data></Cell><Cell ss:StyleID="s21"><Data ss:Type="String"></Data></Cell><Cell ss:StyleID="s21"><Data ss:Type="String"></Data></Cell><Cell ss:StyleID="s21"><Data ss:Type="String"></Data></Cell><Cell ss:StyleID="s21"><Data ss:Type="String"></Data></Cell><Cell ss:StyleID="s21"><Data ss:Type="String"></Data></Cell></Row><Row><Cell ss:StyleID="s32"><Data ss:Type="String">bin_most_i</Data></Cell><Cell ss:StyleID="s22"><Data ss:Type="String">3.74*</Data></Cell><Cell ss:StyleID="s22"><Data ss:Type="String">4.17*</Data></Cell><Cell ss:StyleID="s22"><Data ss:Type="String">4.40*</Data></Cell><Cell ss:StyleID="s22"><Data ss:Type="String">4.50*</Data></Cell><Cell ss:StyleID="s22"><Data ss:Type="String">3.97*</Data></Cell><Cell ss:StyleID="s22"><Data ss:Type="String">3.44*</Data></Cell><Cell ss:StyleID="s22"><Data ss:Type="String">2.85*</Data></Cell><Cell ss:StyleID="s22"><Data ss:Type="String">2.10*</Data></Cell><Cell ss:StyleID="s22"><Data ss:Type="String"></Data></Cell><Cell ss:StyleID="s22"><Data ss:Type="String"></Data></Cell><Cell ss:StyleID="s22"><Data ss:Type="String"></Data></Cell><Cell ss:StyleID="s22"><Data ss:Type="String"></Data></Cell><Cell ss:StyleID="s22"><Data ss:Type="String"></Data></Cell><Cell ss:StyleID="s22"><Data ss:Type="String"></Data></Cell><Cell ss:StyleID="s22"><Data ss:Type="String"></Data></Cell><Cell ss:StyleID="s22"><Data ss:Type="String"></Data></Cell><Cell ss:StyleID="s22"><Data ss:Type="String"></Data></Cell><Cell ss:StyleID="s22"><Data ss:Type="String"></Data></Cell><Cell ss:StyleID="s22"><Data ss:Type="String"></Data></Cell><Cell ss:StyleID="s22"><Data ss:Type="String"></Data></Cell><Cell ss:StyleID="s22"><Data ss:Type="String"></Data></Cell><Cell ss:StyleID="s22"><Data ss:Type="String"></Data></Cell><Cell ss:StyleID="s22"><Data ss:Type="String"></Data></Cell><Cell ss:StyleID="s22"><Data ss:Type="String"></Data></Cell></Row><Row><Cell ss:StyleID="s32"><Data ss:Type="String"></Data></Cell><Cell ss:StyleID="s22"><Data ss:Type="String">(0.34)</Data></Cell><Cell ss:StyleID="s22"><Data ss:Type="String">(0.36)</Data></Cell><Cell ss:StyleID="s22"><Data ss:Type="String">(0.38)</Data></Cell><Cell ss:StyleID="s22"><Data ss:Type="String">(0.36)</Data></Cell><Cell ss:StyleID="s22"><Data ss:Type="String">(0.39)</Data></Cell><Cell ss:StyleID="s22"><Data ss:Type="String">(0.37)</Data></Cell><Cell ss:StyleID="s22"><Data ss:Type="String">(0.36)</Data></Cell><Cell ss:StyleID="s22"><Data ss:Type="String">(0.41)</Data></Cell><Cell ss:StyleID="s22"><Data ss:Type="String"></Data></Cell><Cell ss:StyleID="s22"><Data ss:Type="String"></Data></Cell><Cell ss:StyleID="s22"><Data ss:Type="String"></Data></Cell><Cell ss:StyleID="s22"><Data ss:Type="String"></Data></Cell><Cell ss:StyleID="s22"><Data ss:Type="String"></Data></Cell><Cell ss:StyleID="s22"><Data ss:Type="String"></Data></Cell><Cell ss:StyleID="s22"><Data ss:Type="String"></Data></Cell><Cell ss:StyleID="s22"><Data ss:Type="String"></Data></Cell><Cell ss:StyleID="s22"><Data ss:Type="String"></Data></Cell><Cell ss:StyleID="s22"><Data ss:Type="String"></Data></Cell><Cell ss:StyleID="s22"><Data ss:Type="String"></Data></Cell><Cell ss:StyleID="s22"><Data ss:Type="String"></Data></Cell><Cell ss:StyleID="s22"><Data ss:Type="String"></Data></Cell><Cell ss:StyleID="s22"><Data ss:Type="String"></Data></Cell><Cell ss:StyleID="s22"><Data ss:Type="String"></Data></Cell><Cell ss:StyleID="s22"><Data ss:Type="String"></Data></Cell></Row><Row><Cell ss:StyleID="s32"><Data ss:Type="String">bin_most_g</Data></Cell><Cell ss:StyleID="s22"><Data ss:Type="String"></Data></Cell><Cell ss:StyleID="s22"><Data ss:Type="String"></Data></Cell><Cell ss:StyleID="s22"><Data ss:Type="String"></Data></Cell><Cell ss:StyleID="s22"><Data ss:Type="String"></Data></Cell><Cell ss:StyleID="s22"><Data ss:Type="String"></Data></Cell><Cell ss:StyleID="s22"><Data ss:Type="String"></Data></Cell><Cell ss:StyleID="s22"><Data ss:Type="String"></Data></Cell><Cell ss:StyleID="s22"><Data ss:Type="String"></Data></Cell><Cell ss:StyleID="s22"><Data ss:Type="String">4.08*</Data></Cell><Cell ss:StyleID="s22"><Data ss:Type="String">4.80*</Data></Cell><Cell ss:StyleID="s22"><Data ss:Type="String">4.83*</Data></Cell><Cell ss:StyleID="s22"><Data ss:Type="String">4.89*</Data></Cell><Cell ss:StyleID="s22"><Data ss:Type="String">4.66*</Data></Cell><Cell ss:StyleID="s22"><Data ss:Type="String">4.88*</Data></Cell><Cell ss:StyleID="s22"><Data ss:Type="String">4.88*</Data></Cell><Cell ss:StyleID="s22"><Data ss:Type="String">4.73*</Data></Cell><Cell ss:StyleID="s22"><Data ss:Type="String"></Data></Cell><Cell ss:StyleID="s22"><Data ss:Type="String"></Data></Cell><Cell ss:StyleID="s22"><Data ss:Type="String"></Data></Cell><Cell ss:StyleID="s22"><Data ss:Type="String"></Data></Cell><Cell ss:StyleID="s22"><Data ss:Type="String"></Data></Cell><Cell ss:StyleID="s22"><Data ss:Type="String"></Data></Cell><Cell ss:StyleID="s22"><Data ss:Type="String"></Data></Cell><Cell ss:StyleID="s22"><Data ss:Type="String"></Data></Cell></Row><Row><Cell ss:StyleID="s32"><Data ss:Type="String"></Data></Cell><Cell ss:StyleID="s22"><Data ss:Type="String"></Data></Cell><Cell ss:StyleID="s22"><Data ss:Type="String"></Data></Cell><Cell ss:StyleID="s22"><Data ss:Type="String"></Data></Cell><Cell ss:StyleID="s22"><Data ss:Type="String"></Data></Cell><Cell ss:StyleID="s22"><Data ss:Type="String"></Data></Cell><Cell ss:StyleID="s22"><Data ss:Type="String"></Data></Cell><Cell ss:StyleID="s22"><Data ss:Type="String"></Data></Cell><Cell ss:StyleID="s22"><Data ss:Type="String"></Data></Cell><Cell ss:StyleID="s22"><Data ss:Type="String">(0.31)</Data></Cell><Cell ss:StyleID="s22"><Data ss:Type="String">(0.35)</Data></Cell><Cell ss:StyleID="s22"><Data ss:Type="String">(0.36)</Data></Cell><Cell ss:StyleID="s22"><Data ss:Type="String">(0.33)</Data></Cell><Cell ss:StyleID="s22"><Data ss:Type="String">(0.35)</Data></Cell><Cell ss:StyleID="s22"><Data ss:Type="String">(0.39)</Data></Cell><Cell ss:StyleID="s22"><Data ss:Type="String">(0.38)</Data></Cell><Cell ss:StyleID="s22"><Data ss:Type="String">(0.41)</Data></Cell><Cell ss:StyleID="s22"><Data ss:Type="String"></Data></Cell><Cell ss:StyleID="s22"><Data ss:Type="String"></Data></Cell><Cell ss:StyleID="s22"><Data ss:Type="String"></Data></Cell><Cell ss:StyleID="s22"><Data ss:Type="String"></Data></Cell><Cell ss:StyleID="s22"><Data ss:Type="String"></Data></Cell><Cell ss:StyleID="s22"><Data ss:Type="String"></Data></Cell><Cell ss:StyleID="s22"><Data ss:Type="String"></Data></Cell><Cell ss:StyleID="s22"><Data ss:Type="String"></Data></Cell></Row><Row><Cell ss:StyleID="s32"><Data ss:Type="String">bin_most_u</Data></Cell><Cell ss:StyleID="s22"><Data ss:Type="String"></Data></Cell><Cell ss:StyleID="s22"><Data ss:Type="String"></Data></Cell><Cell ss:StyleID="s22"><Data ss:Type="String"></Data></Cell><Cell ss:StyleID="s22"><Data ss:Type="String"></Data></Cell><Cell ss:StyleID="s22"><Data ss:Type="String"></Data></Cell><Cell ss:StyleID="s22"><Data ss:Type="String"></Data></Cell><Cell ss:StyleID="s22"><Data ss:Type="String"></Data></Cell><Cell ss:StyleID="s22"><Data ss:Type="String"></Data></Cell><Cell ss:StyleID="s22"><Data ss:Type="String"></Data></Cell><Cell ss:StyleID="s22"><Data ss:Type="String"></Data></Cell><Cell ss:StyleID="s22"><Data ss:Type="String"></Data></Cell><Cell ss:StyleID="s22"><Data ss:Type="String"></Data></Cell><Cell ss:StyleID="s22"><Data ss:Type="String"></Data></Cell><Cell ss:StyleID="s22"><Data ss:Type="String"></Data></Cell><Cell ss:StyleID="s22"><Data ss:Type="String"></Data></Cell><Cell ss:StyleID="s22"><Data ss:Type="String"></Data></Cell><Cell ss:StyleID="s22"><Data ss:Type="String">6.31*</Data></Cell><Cell ss:StyleID="s22"><Data ss:Type="String">6.13*</Data></Cell><Cell ss:StyleID="s22"><Data ss:Type="String">6.81*</Data></Cell><Cell ss:StyleID="s22"><Data ss:Type="String">6.33*</Data></Cell><Cell ss:StyleID="s22"><Data ss:Type="String">5.65*</Data></Cell><Cell ss:StyleID="s22"><Data ss:Type="String">4.75*</Data></Cell><Cell ss:StyleID="s22"><Data ss:Type="String">4.57*</Data></Cell><Cell ss:StyleID="s22"><Data ss:Type="String">4.10*</Data></Cell></Row><Row><Cell ss:StyleID="s32"><Data ss:Type="String"></Data></Cell><Cell ss:StyleID="s22"><Data ss:Type="String"></Data></Cell><Cell ss:StyleID="s22"><Data ss:Type="String"></Data></Cell><Cell ss:StyleID="s22"><Data ss:Type="String"></Data></Cell><Cell ss:StyleID="s22"><Data ss:Type="String"></Data></Cell><Cell ss:StyleID="s22"><Data ss:Type="String"></Data></Cell><Cell ss:StyleID="s22"><Data ss:Type="String"></Data></Cell><Cell ss:StyleID="s22"><Data ss:Type="String"></Data></Cell><Cell ss:StyleID="s22"><Data ss:Type="String"></Data></Cell><Cell ss:StyleID="s22"><Data ss:Type="String"></Data></Cell><Cell ss:StyleID="s22"><Data ss:Type="String"></Data></Cell><Cell ss:StyleID="s22"><Data ss:Type="String"></Data></Cell><Cell ss:StyleID="s22"><Data ss:Type="String"></Data></Cell><Cell ss:StyleID="s22"><Data ss:Type="String"></Data></Cell><Cell ss:StyleID="s22"><Data ss:Type="String"></Data></Cell><Cell ss:StyleID="s22"><Data ss:Type="String"></Data></Cell><Cell ss:StyleID="s22"><Data ss:Type="String"></Data></Cell><Cell ss:StyleID="s22"><Data ss:Type="String">(0.72)</Data></Cell><Cell ss:StyleID="s22"><Data ss:Type="String">(0.71)</Data></Cell><Cell ss:StyleID="s22"><Data ss:Type="String">(0.75)</Data></Cell><Cell ss:StyleID="s22"><Data ss:Type="String">(0.71)</Data></Cell><Cell ss:StyleID="s22"><Data ss:Type="String">(0.69)</Data></Cell><Cell ss:StyleID="s22"><Data ss:Type="String">(0.75)</Data></Cell><Cell ss:StyleID="s22"><Data ss:Type="String">(0.66)</Data></Cell><Cell ss:StyleID="s22"><Data ss:Type="String">(0.75)</Data></Cell></Row><Row><Cell ss:StyleID="s32"><Data ss:Type="String">Constant</Data></Cell><Cell ss:StyleID="s22"><Data ss:Type="String">5.88*</Data></Cell><Cell ss:StyleID="s22"><Data ss:Type="String">6.01*</Data></Cell><Cell ss:StyleID="s22"><Data ss:Type="String">5.68*</Data></Cell><Cell ss:StyleID="s22"><Data ss:Type="String">5.70*</Data></Cell><Cell ss:StyleID="s22"><Data ss:Type="String">5.21*</Data></Cell><Cell ss:StyleID="s22"><Data ss:Type="String">4.95*</Data></Cell><Cell ss:StyleID="s22"><Data ss:Type="String">3.87*</Data></Cell><Cell ss:StyleID="s22"><Data ss:Type="String">3.60*</Data></Cell><Cell ss:StyleID="s22"><Data ss:Type="String">5.94*</Data></Cell><Cell ss:StyleID="s22"><Data ss:Type="String">5.80*</Data></Cell><Cell ss:StyleID="s22"><Data ss:Type="String">5.88*</Data></Cell><Cell ss:StyleID="s22"><Data ss:Type="String">6.05*</Data></Cell><Cell ss:StyleID="s22"><Data ss:Type="String">4.92*</Data></Cell><Cell ss:StyleID="s22"><Data ss:Type="String">5.06*</Data></Cell><Cell ss:StyleID="s22"><Data ss:Type="String">4.18*</Data></Cell><Cell ss:StyleID="s22"><Data ss:Type="String">4.20*</Data></Cell><Cell ss:StyleID="s22"><Data ss:Type="String">5.95*</Data></Cell><Cell ss:StyleID="s22"><Data ss:Type="String">6.05*</Data></Cell><Cell ss:StyleID="s22"><Data ss:Type="String">4.93*</Data></Cell><Cell ss:StyleID="s22"><Data ss:Type="String">5.13*</Data></Cell><Cell ss:StyleID="s22"><Data ss:Type="String">5.04*</Data></Cell><Cell ss:StyleID="s22"><Data ss:Type="String">4.52*</Data></Cell><Cell ss:StyleID="s22"><Data ss:Type="String">4.12*</Data></Cell><Cell ss:StyleID="s22"><Data ss:Type="String">3.83*</Data></Cell></Row><Row><Cell ss:StyleID="s32"><Data ss:Type="String"></Data></Cell><Cell ss:StyleID="s22"><Data ss:Type="String">(0.38)</Data></Cell><Cell ss:StyleID="s22"><Data ss:Type="String">(0.34)</Data></Cell><Cell ss:StyleID="s22"><Data ss:Type="String">(0.41)</Data></Cell><Cell ss:StyleID="s22"><Data ss:Type="String">(0.41)</Data></Cell><Cell ss:StyleID="s22"><Data ss:Type="String">(0.34)</Data></Cell><Cell ss:StyleID="s22"><Data ss:Type="String">(0.32)</Data></Cell><Cell ss:StyleID="s22"><Data ss:Type="String">(0.32)</Data></Cell><Cell ss:StyleID="s22"><Data ss:Type="String">(0.21)</Data></Cell><Cell ss:StyleID="s22"><Data ss:Type="String">(0.38)</Data></Cell><Cell ss:StyleID="s22"><Data ss:Type="String">(0.33)</Data></Cell><Cell ss:StyleID="s22"><Data ss:Type="String">(0.38)</Data></Cell><Cell ss:StyleID="s22"><Data ss:Type="String">(0.34)</Data></Cell><Cell ss:StyleID="s22"><Data ss:Type="String">(0.36)</Data></Cell><Cell ss:StyleID="s22"><Data ss:Type="String">(0.22)</Data></Cell><Cell ss:StyleID="s22"><Data ss:Type="String">(0.28)</Data></Cell><Cell ss:StyleID="s22"><Data ss:Type="String">(0.40)</Data></Cell><Cell ss:StyleID="s22"><Data ss:Type="String">(0.46)</Data></Cell><Cell ss:StyleID="s22"><Data ss:Type="String">(0.46)</Data></Cell><Cell ss:StyleID="s22"><Data ss:Type="String">(0.43)</Data></Cell><Cell ss:StyleID="s22"><Data ss:Type="String">(0.35)</Data></Cell><Cell ss:StyleID="s22"><Data ss:Type="String">(0.48)</Data></Cell><Cell ss:StyleID="s22"><Data ss:Type="String">(0.51)</Data></Cell><Cell ss:StyleID="s22"><Data ss:Type="String">(0.45)</Data></Cell><Cell ss:StyleID="s22"><Data ss:Type="String">(0.48)</Data></Cell></Row><Row><Cell ss:StyleID="s32"><Data ss:Type="String"></Data></Cell><Cell ss:StyleID="s22"><Data ss:Type="String"></Data></Cell><Cell ss:StyleID="s22"><Data ss:Type="String"></Data></Cell><Cell ss:StyleID="s22"><Data ss:Type="String"></Data></Cell><Cell ss:StyleID="s22"><Data ss:Type="String"></Data></Cell><Cell ss:StyleID="s22"><Data ss:Type="String"></Data></Cell><Cell ss:StyleID="s22"><Data ss:Type="String"></Data></Cell><Cell ss:StyleID="s22"><Data ss:Type="String"></Data></Cell><Cell ss:StyleID="s22"><Data ss:Type="String"></Data></Cell><Cell ss:StyleID="s22"><Data ss:Type="String"></Data></Cell><Cell ss:StyleID="s22"><Data ss:Type="String"></Data></Cell><Cell ss:StyleID="s22"><Data ss:Type="String"></Data></Cell><Cell ss:StyleID="s22"><Data ss:Type="String"></Data></Cell><Cell ss:StyleID="s22"><Data ss:Type="String"></Data></Cell><Cell ss:StyleID="s22"><Data ss:Type="String"></Data></Cell><Cell ss:StyleID="s22"><Data ss:Type="String"></Data></Cell><Cell ss:StyleID="s22"><Data ss:Type="String"></Data></Cell><Cell ss:StyleID="s22"><Data ss:Type="String"></Data></Cell><Cell ss:StyleID="s22"><Data ss:Type="String"></Data></Cell><Cell ss:StyleID="s22"><Data ss:Type="String"></Data></Cell><Cell ss:StyleID="s22"><Data ss:Type="String"></Data></Cell><Cell ss:StyleID="s22"><Data ss:Type="String"></Data></Cell><Cell ss:StyleID="s22"><Data ss:Type="String"></Data></Cell><Cell ss:StyleID="s22"><Data ss:Type="String"></Data></Cell><Cell ss:StyleID="s22"><Data ss:Type="String"></Data></Cell></Row><Row><Cell ss:StyleID="s32"><Data ss:Type="String">Observations</Data></Cell><Cell ss:StyleID="s22"><Data ss:Type="String">942</Data></Cell><Cell ss:StyleID="s22"><Data ss:Type="String">955</Data></Cell><Cell ss:StyleID="s22"><Data ss:Type="String">863</Data></Cell><Cell ss:StyleID="s22"><Data ss:Type="String">967</Data></Cell><Cell ss:StyleID="s22"><Data ss:Type="String">967</Data></Cell><Cell ss:StyleID="s22"><Data ss:Type="String">961</Data></Cell><Cell ss:StyleID="s22"><Data ss:Type="String">877</Data></Cell><Cell ss:StyleID="s22"><Data ss:Type="String">966</Data></Cell><Cell ss:StyleID="s22"><Data ss:Type="String">948</Data></Cell><Cell ss:StyleID="s22"><Data ss:Type="String">956</Data></Cell><Cell ss:StyleID="s22"><Data ss:Type="String">867</Data></Cell><Cell ss:StyleID="s22"><Data ss:Type="String">973</Data></Cell><Cell ss:StyleID="s22"><Data ss:Type="String">972</Data></Cell><Cell ss:StyleID="s22"><Data ss:Type="String">963</Data></Cell><Cell ss:StyleID="s22"><Data ss:Type="String">878</Data></Cell><Cell ss:StyleID="s22"><Data ss:Type="String">972</Data></Cell><Cell ss:StyleID="s22"><Data ss:Type="String">908</Data></Cell><Cell ss:StyleID="s22"><Data ss:Type="String">916</Data></Cell><Cell ss:StyleID="s22"><Data ss:Type="String">825</Data></Cell><Cell ss:StyleID="s22"><Data ss:Type="String">914</Data></Cell><Cell ss:StyleID="s22"><Data ss:Type="String">925</Data></Cell><Cell ss:StyleID="s22"><Data ss:Type="String">919</Data></Cell><Cell ss:StyleID="s22"><Data ss:Type="String">830</Data></Cell><Cell ss:StyleID="s22"><Data ss:Type="String">910</Data></Cell></Row><Row><Cell ss:StyleID="s32"><Data ss:Type="String">R-squared</Data></Cell><Cell ss:StyleID="s22"><Data ss:Type="String">0.31</Data></Cell><Cell ss:StyleID="s22"><Data ss:Type="String">0.36</Data></Cell><Cell ss:StyleID="s22"><Data ss:Type="String">0.36</Data></Cell><Cell ss:StyleID="s22"><Data ss:Type="String">0.37</Data></Cell><Cell ss:StyleID="s22"><Data ss:Type="String">0.34</Data></Cell><Cell ss:StyleID="s22"><Data ss:Type="String">0.29</Data></Cell><Cell ss:StyleID="s22"><Data ss:Type="String">0.23</Data></Cell><Cell ss:StyleID="s22"><Data ss:Type="String">0.14</Data></Cell><Cell ss:StyleID="s22"><Data ss:Type="String">0.31</Data></Cell><Cell ss:StyleID="s22"><Data ss:Type="String">0.36</Data></Cell><Cell ss:StyleID="s22"><Data ss:Type="String">0.36</Data></Cell><Cell ss:StyleID="s22"><Data ss:Type="String">0.37</Data></Cell><Cell ss:StyleID="s22"><Data ss:Type="String">0.38</Data></Cell><Cell ss:StyleID="s22"><Data ss:Type="String">0.37</Data></Cell><Cell ss:StyleID="s22"><Data ss:Type="String">0.40</Data></Cell><Cell ss:StyleID="s22"><Data ss:Type="String">0.38</Data></Cell><Cell ss:StyleID="s22"><Data ss:Type="String">0.42</Data></Cell><Cell ss:StyleID="s22"><Data ss:Type="String">0.39</Data></Cell><Cell ss:StyleID="s22"><Data ss:Type="String">0.47</Data></Cell><Cell ss:StyleID="s22"><Data ss:Type="String">0.41</Data></Cell><Cell ss:StyleID="s22"><Data ss:Type="String">0.37</Data></Cell><Cell ss:StyleID="s22"><Data ss:Type="String">0.29</Data></Cell><Cell ss:StyleID="s22"><Data ss:Type="String">0.31</Data></Cell><Cell ss:StyleID="s22"><Data ss:Type="String">0.23</Data></Cell></Row><Row><Cell ss:StyleID="s32"><Data ss:Type="String">TFE</Data></Cell><Cell ss:StyleID="s22"><Data ss:Type="String">yes</Data></Cell><Cell ss:StyleID="s22"><Data ss:Type="String">yes</Data></Cell><Cell ss:StyleID="s22"><Data ss:Type="String">yes</Data></Cell><Cell ss:StyleID="s22"><Data ss:Type="String">yes</Data></Cell><Cell ss:StyleID="s22"><Data ss:Type="String">yes</Data></Cell><Cell ss:StyleID="s22"><Data ss:Type="String">yes</Data></Cell><Cell ss:StyleID="s22"><Data ss:Type="String">yes</Data></Cell><Cell ss:StyleID="s22"><Data ss:Type="String">yes</Data></Cell><Cell ss:StyleID="s22"><Data ss:Type="String">yes</Data></Cell><Cell ss:StyleID="s22"><Data ss:Type="String">yes</Data></Cell><Cell ss:StyleID="s22"><Data ss:Type="String">yes</Data></Cell><Cell ss:StyleID="s22"><Data ss:Type="String">yes</Data></Cell><Cell ss:StyleID="s22"><Data ss:Type="String">yes</Data></Cell><Cell ss:StyleID="s22"><Data ss:Type="String">yes</Data></Cell><Cell ss:StyleID="s22"><Data ss:Type="String">yes</Data></Cell><Cell ss:StyleID="s22"><Data ss:Type="String">yes</Data></Cell><Cell ss:StyleID="s22"><Data ss:Type="String">yes</Data></Cell><Cell ss:StyleID="s22"><Data ss:Type="String">yes</Data></Cell><Cell ss:StyleID="s22"><Data ss:Type="String">yes</Data></Cell><Cell ss:StyleID="s22"><Data ss:Type="String">yes</Data></Cell><Cell ss:StyleID="s22"><Data ss:Type="String">yes</Data></Cell><Cell ss:StyleID="s22"><Data ss:Type="String">yes</Data></Cell><Cell ss:StyleID="s22"><Data ss:Type="String">yes</Data></Cell><Cell ss:StyleID="s22"><Data ss:Type="String">yes</Data></Cell></Row><Row><Cell ss:StyleID="s33"><Data ss:Type="String">Share non-rounders</Data></Cell><Cell ss:StyleID="s23"><Data ss:Type="String">9.87</Data></Cell><Cell ss:StyleID="s23"><Data ss:Type="String">9.11</Data></Cell><Cell ss:StyleID="s23"><Data ss:Type="String">8.92</Data></Cell><Cell ss:StyleID="s23"><Data ss:Type="String">9.20</Data></Cell><Cell ss:StyleID="s23"><Data ss:Type="String">9.62</Data></Cell><Cell ss:StyleID="s23"><Data ss:Type="String">9.37</Data></Cell><Cell ss:StyleID="s23"><Data ss:Type="String">9.46</Data></Cell><Cell ss:StyleID="s23"><Data ss:Type="String">9.01</Data></Cell><Cell ss:StyleID="s23"><Data ss:Type="String">9.60</Data></Cell><Cell ss:StyleID="s23"><Data ss:Type="String">9.31</Data></Cell><Cell ss:StyleID="s23"><Data ss:Type="String">9.69</Data></Cell><Cell ss:StyleID="s23"><Data ss:Type="String">9.87</Data></Cell><Cell ss:StyleID="s23"><Data ss:Type="String">9.57</Data></Cell><Cell ss:StyleID="s23"><Data ss:Type="String">9.24</Data></Cell><Cell ss:StyleID="s23"><Data ss:Type="String">9.45</Data></Cell><Cell ss:StyleID="s23"><Data ss:Type="String">9.47</Data></Cell><Cell ss:StyleID="s23"><Data ss:Type="String">9.03</Data></Cell><Cell ss:StyleID="s23"><Data ss:Type="String">9.39</Data></Cell><Cell ss:StyleID="s23"><Data ss:Type="String">9.33</Data></Cell><Cell ss:StyleID="s23"><Data ss:Type="String">9.52</Data></Cell><Cell ss:StyleID="s23"><Data ss:Type="String">9.95</Data></Cell><Cell ss:StyleID="s23"><Data ss:Type="String">9.14</Data></Cell><Cell ss:StyleID="s23"><Data ss:Type="String">10.00</Data></Cell><Cell ss:StyleID="s23"><Data ss:Type="String">8.90</Data></Cell></Row><Row><Cell ss:StyleID="s24"><Data ss:Type="String">Standard errors in parentheses</Data></Cell></Row><Row><Cell ss:StyleID="s24"><Data ss:Type="String">* p&lt;0.05</Data></Cell></Row></Table><WorksheetOptions xmlns="urn:schemas-microsoft-com:office:excel"><ProtectedObjects>False</ProtectedObjects><ProtectedScenarios>False</ProtectedScenarios></WorksheetOptions></Worksheet></Workbook>