<?xml version="1.0" encoding="US-ASCII" standalone="yes"?><?mso-application progid="Excel.Sheet"?><Workbook xmlns="urn:schemas-microsoft-com:office:spreadsheet" xmlns:o="urn:schemas-microsoft-com:office:office" xmlns:x="urn:schemas-microsoft-com:office:excel" xmlns:ss="urn:schemas-microsoft-com:office:spreadsheet" xmlns:html="http://www.w3.org/TR/REC-html40"><DocumentProperties xmlns="urn:schemas-microsoft-com:office:office"><Author></Author><LastAuthor></LastAuthor><Created></Created><LastSaved></LastSaved><Company></Company><Version></Version></DocumentProperties><ExcelWorkbook  xmlns="urn:schemas-microsoft-com:office:excel"><ProtectStructure>False</ProtectStructure><ProtectWindows>False</ProtectWindows></ExcelWorkbook><Styles><Style ss:ID="Default" ss:Name="Normal"><Alignment ss:Vertical="Bottom"/><Borders/><Font ss:FontName="Calibri" ss:Size="10"/><Interior/><NumberFormat/><Protection/></Style><Style ss:ID="s1"><Font ss:FontName="Calibri" ss:Bold="1" ss:Size="12"/><NumberFormat/></Style><Style ss:ID="s21"><Alignment ss:Horizontal="Center" ss:Vertical="Bottom"/><NumberFormat/><Font ss:FontName="Calibri" ss:Size="10"/><Borders><Border ss:Position="Top" ss:LineStyle="Continuous" ss:Weight="1"/></Borders></Style><Style ss:ID="s22"><Alignment ss:Horizontal="Center" ss:Vertical="Bottom"/><Font ss:FontName="Calibri" ss:Size="10"/><NumberFormat/></Style><Style ss:ID="s23"><Alignment ss:Horizontal="Center" ss:Vertical="Bottom"/><NumberFormat/><Font ss:FontName="Calibri" ss:Size="10"/><Borders><Border ss:Position="Bottom" ss:LineStyle="Continuous" ss:Weight="1"/></Borders></Style><Style ss:ID="s24"><Font ss:FontName="Calibri" ss:Size="10"/><NumberFormat/></Style><Style ss:ID="s31"><Font ss:FontName="Calibri" ss:Size="10"/><Borders><Border ss:Position="Top" ss:LineStyle="Continuous" ss:Weight="1"/></Borders></Style><Style ss:ID="s32"><Font ss:FontName="Calibri" ss:Size="10"/><Borders/></Style><Style ss:ID="s33"><Font ss:FontName="Calibri" ss:Size="10"/><Borders><Border ss:Position="Bottom" ss:LineStyle="Continuous" ss:Weight="1"/></Borders></Style></Styles><Names></Names><Worksheet ss:Name="Sheet1"><Table ss:ExpandedColumnCount="25" ss:ExpandedRowCount="20" x:FullColumns="1" x:FullRows="1"><Column ss:AutoFitWidth="0" ss:Width="108"/><Column ss:AutoFitWidth="0" ss:Width="58"/><Column ss:AutoFitWidth="0" ss:Width="58"/><Column ss:AutoFitWidth="0" ss:Width="58"/><Column ss:AutoFitWidth="0" ss:Width="58"/><Column ss:AutoFitWidth="0" ss:Width="58"/><Column ss:AutoFitWidth="0" ss:Width="58"/><Column ss:AutoFitWidth="0" ss:Width="58"/><Column ss:AutoFitWidth="0" ss:Width="58"/><Column ss:AutoFitWidth="0" ss:Width="58"/><Column ss:AutoFitWidth="0" ss:Width="58"/><Column ss:AutoFitWidth="0" ss:Width="58"/><Column ss:AutoFitWidth="0" ss:Width="58"/><Column ss:AutoFitWidth="0" ss:Width="58"/><Column ss:AutoFitWidth="0" ss:Width="58"/><Column ss:AutoFitWidth="0" ss:Width="58"/><Column ss:AutoFitWidth="0" ss:Width="58"/><Column ss:AutoFitWidth="0" ss:Width="58"/><Column ss:AutoFitWidth="0" ss:Width="58"/><Column ss:AutoFitWidth="0" ss:Width="58"/><Column ss:AutoFitWidth="0" ss:Width="58"/><Column ss:AutoFitWidth="0" ss:Width="58"/><Column ss:AutoFitWidth="0" ss:Width="58"/><Column ss:AutoFitWidth="0" ss:Width="58"/><Column ss:AutoFitWidth="0" ss:Width="58"/><Row></Row><Row><Cell ss:StyleID="s31"><Data ss:Type="String"></Data></Cell><Cell ss:StyleID="s21"><Data ss:Type="String">(1)</Data></Cell><Cell ss:StyleID="s21"><Data ss:Type="String">(2)</Data></Cell><Cell ss:StyleID="s21"><Data ss:Type="String">(3)</Data></Cell><Cell ss:StyleID="s21"><Data ss:Type="String">(4)</Data></Cell><Cell ss:StyleID="s21"><Data ss:Type="String">(5)</Data></Cell><Cell ss:StyleID="s21"><Data ss:Type="String">(6)</Data></Cell><Cell ss:StyleID="s21"><Data ss:Type="String">(7)</Data></Cell><Cell ss:StyleID="s21"><Data ss:Type="String">(8)</Data></Cell><Cell ss:StyleID="s21"><Data ss:Type="String">(9)</Data></Cell><Cell ss:StyleID="s21"><Data ss:Type="String">(10)</Data></Cell><Cell ss:StyleID="s21"><Data ss:Type="String">(11)</Data></Cell><Cell ss:StyleID="s21"><Data ss:Type="String">(12)</Data></Cell><Cell ss:StyleID="s21"><Data ss:Type="String">(13)</Data></Cell><Cell ss:StyleID="s21"><Data ss:Type="String">(14)</Data></Cell><Cell ss:StyleID="s21"><Data ss:Type="String">(15)</Data></Cell><Cell ss:StyleID="s21"><Data ss:Type="String">(16)</Data></Cell><Cell ss:StyleID="s21"><Data ss:Type="String">(17)</Data></Cell><Cell ss:StyleID="s21"><Data ss:Type="String">(18)</Data></Cell><Cell ss:StyleID="s21"><Data ss:Type="String">(19)</Data></Cell><Cell ss:StyleID="s21"><Data ss:Type="String">(20)</Data></Cell><Cell ss:StyleID="s21"><Data ss:Type="String">(21)</Data></Cell><Cell ss:StyleID="s21"><Data ss:Type="String">(22)</Data></Cell><Cell ss:StyleID="s21"><Data ss:Type="String">(23)</Data></Cell><Cell ss:StyleID="s21"><Data ss:Type="String">(24)</Data></Cell></Row><Row><Cell ss:StyleID="s32"><Data ss:Type="String"></Data></Cell><Cell ss:StyleID="s22"><Data ss:Type="String">i</Data></Cell><Cell ss:StyleID="s22"><Data ss:Type="String">i</Data></Cell><Cell ss:StyleID="s22"><Data ss:Type="String">i</Data></Cell><Cell ss:StyleID="s22"><Data ss:Type="String">i</Data></Cell><Cell ss:StyleID="s22"><Data ss:Type="String">i</Data></Cell><Cell ss:StyleID="s22"><Data ss:Type="String">i</Data></Cell><Cell ss:StyleID="s22"><Data ss:Type="String">i</Data></Cell><Cell ss:StyleID="s22"><Data ss:Type="String">i</Data></Cell><Cell ss:StyleID="s22"><Data ss:Type="String">g</Data></Cell><Cell ss:StyleID="s22"><Data ss:Type="String">g</Data></Cell><Cell ss:StyleID="s22"><Data ss:Type="String">g</Data></Cell><Cell ss:StyleID="s22"><Data ss:Type="String">g</Data></Cell><Cell ss:StyleID="s22"><Data ss:Type="String">g</Data></Cell><Cell ss:StyleID="s22"><Data ss:Type="String">g</Data></Cell><Cell ss:StyleID="s22"><Data ss:Type="String">g</Data></Cell><Cell ss:StyleID="s22"><Data ss:Type="String">g</Data></Cell><Cell ss:StyleID="s22"><Data ss:Type="String">u</Data></Cell><Cell ss:StyleID="s22"><Data ss:Type="String">u</Data></Cell><Cell ss:StyleID="s22"><Data ss:Type="String">u</Data></Cell><Cell ss:StyleID="s22"><Data ss:Type="String">u</Data></Cell><Cell ss:StyleID="s22"><Data ss:Type="String">u</Data></Cell><Cell ss:StyleID="s22"><Data ss:Type="String">u</Data></Cell><Cell ss:StyleID="s22"><Data ss:Type="String">u</Data></Cell><Cell ss:StyleID="s22"><Data ss:Type="String">u</Data></Cell></Row><Row><Cell ss:StyleID="s32"><Data ss:Type="String">VARIABLES</Data></Cell><Cell ss:StyleID="s22"><Data ss:Type="String">h=8</Data></Cell><Cell ss:StyleID="s22"><Data ss:Type="String">h=7</Data></Cell><Cell ss:StyleID="s22"><Data ss:Type="String">h=6</Data></Cell><Cell ss:StyleID="s22"><Data ss:Type="String">h=5</Data></Cell><Cell ss:StyleID="s22"><Data ss:Type="String">h=4</Data></Cell><Cell ss:StyleID="s22"><Data ss:Type="String">h=3</Data></Cell><Cell ss:StyleID="s22"><Data ss:Type="String">h=2</Data></Cell><Cell ss:StyleID="s22"><Data ss:Type="String">h=1</Data></Cell><Cell ss:StyleID="s22"><Data ss:Type="String">h=8</Data></Cell><Cell ss:StyleID="s22"><Data ss:Type="String">h=7</Data></Cell><Cell ss:StyleID="s22"><Data ss:Type="String">h=6</Data></Cell><Cell ss:StyleID="s22"><Data ss:Type="String">h=5</Data></Cell><Cell ss:StyleID="s22"><Data ss:Type="String">h=4</Data></Cell><Cell ss:StyleID="s22"><Data ss:Type="String">h=3</Data></Cell><Cell ss:StyleID="s22"><Data ss:Type="String">h=2</Data></Cell><Cell ss:StyleID="s22"><Data ss:Type="String">h=1</Data></Cell><Cell ss:StyleID="s22"><Data ss:Type="String">h=8</Data></Cell><Cell ss:StyleID="s22"><Data ss:Type="String">h=7</Data></Cell><Cell ss:StyleID="s22"><Data ss:Type="String">h=6</Data></Cell><Cell ss:StyleID="s22"><Data ss:Type="String">h=5</Data></Cell><Cell ss:StyleID="s22"><Data ss:Type="String">h=4</Data></Cell><Cell ss:StyleID="s22"><Data ss:Type="String">h=3</Data></Cell><Cell ss:StyleID="s22"><Data ss:Type="String">h=2</Data></Cell><Cell ss:StyleID="s22"><Data ss:Type="String">h=1</Data></Cell></Row><Row><Cell ss:StyleID="s31"><Data ss:Type="String"></Data></Cell><Cell ss:StyleID="s21"><Data ss:Type="String"></Data></Cell><Cell ss:StyleID="s21"><Data ss:Type="String"></Data></Cell><Cell ss:StyleID="s21"><Data ss:Type="String"></Data></Cell><Cell ss:StyleID="s21"><Data ss:Type="String"></Data></Cell><Cell ss:StyleID="s21"><Data ss:Type="String"></Data></Cell><Cell ss:StyleID="s21"><Data ss:Type="String"></Data></Cell><Cell ss:StyleID="s21"><Data ss:Type="String"></Data></Cell><Cell ss:StyleID="s21"><Data ss:Type="String"></Data></Cell><Cell ss:StyleID="s21"><Data ss:Type="String"></Data></Cell><Cell ss:StyleID="s21"><Data ss:Type="String"></Data></Cell><Cell ss:StyleID="s21"><Data ss:Type="String"></Data></Cell><Cell ss:StyleID="s21"><Data ss:Type="String"></Data></Cell><Cell ss:StyleID="s21"><Data ss:Type="String"></Data></Cell><Cell ss:StyleID="s21"><Data ss:Type="String"></Data></Cell><Cell ss:StyleID="s21"><Data ss:Type="String"></Data></Cell><Cell ss:StyleID="s21"><Data ss:Type="String"></Data></Cell><Cell ss:StyleID="s21"><Data ss:Type="String"></Data></Cell><Cell ss:StyleID="s21"><Data ss:Type="String"></Data></Cell><Cell ss:StyleID="s21"><Data ss:Type="String"></Data></Cell><Cell ss:StyleID="s21"><Data ss:Type="String"></Data></Cell><Cell ss:StyleID="s21"><Data ss:Type="String"></Data></Cell><Cell ss:StyleID="s21"><Data ss:Type="String"></Data></Cell><Cell ss:StyleID="s21"><Data ss:Type="String"></Data></Cell><Cell ss:StyleID="s21"><Data ss:Type="String"></Data></Cell></Row><Row><Cell ss:StyleID="s32"><Data ss:Type="String">bin_most_i</Data></Cell><Cell ss:StyleID="s22"><Data ss:Type="String">2.85*</Data></Cell><Cell ss:StyleID="s22"><Data ss:Type="String">2.92*</Data></Cell><Cell ss:StyleID="s22"><Data ss:Type="String">3.08*</Data></Cell><Cell ss:StyleID="s22"><Data ss:Type="String">1.87</Data></Cell><Cell ss:StyleID="s22"><Data ss:Type="String">1.67*</Data></Cell><Cell ss:StyleID="s22"><Data ss:Type="String">1.91*</Data></Cell><Cell ss:StyleID="s22"><Data ss:Type="String">3.31*</Data></Cell><Cell ss:StyleID="s22"><Data ss:Type="String">3.98*</Data></Cell><Cell ss:StyleID="s22"><Data ss:Type="String"></Data></Cell><Cell ss:StyleID="s22"><Data ss:Type="String"></Data></Cell><Cell ss:StyleID="s22"><Data ss:Type="String"></Data></Cell><Cell ss:StyleID="s22"><Data ss:Type="String"></Data></Cell><Cell ss:StyleID="s22"><Data ss:Type="String"></Data></Cell><Cell ss:StyleID="s22"><Data ss:Type="String"></Data></Cell><Cell ss:StyleID="s22"><Data ss:Type="String"></Data></Cell><Cell ss:StyleID="s22"><Data ss:Type="String"></Data></Cell><Cell ss:StyleID="s22"><Data ss:Type="String"></Data></Cell><Cell ss:StyleID="s22"><Data ss:Type="String"></Data></Cell><Cell ss:StyleID="s22"><Data ss:Type="String"></Data></Cell><Cell ss:StyleID="s22"><Data ss:Type="String"></Data></Cell><Cell ss:StyleID="s22"><Data ss:Type="String"></Data></Cell><Cell ss:StyleID="s22"><Data ss:Type="String"></Data></Cell><Cell ss:StyleID="s22"><Data ss:Type="String"></Data></Cell><Cell ss:StyleID="s22"><Data ss:Type="String"></Data></Cell></Row><Row><Cell ss:StyleID="s32"><Data ss:Type="String"></Data></Cell><Cell ss:StyleID="s22"><Data ss:Type="String">(0.49)</Data></Cell><Cell ss:StyleID="s22"><Data ss:Type="String">(0.52)</Data></Cell><Cell ss:StyleID="s22"><Data ss:Type="String">(0.58)</Data></Cell><Cell ss:StyleID="s22"><Data ss:Type="String">(1.07)</Data></Cell><Cell ss:StyleID="s22"><Data ss:Type="String">(0.58)</Data></Cell><Cell ss:StyleID="s22"><Data ss:Type="String">(0.93)</Data></Cell><Cell ss:StyleID="s22"><Data ss:Type="String">(0.60)</Data></Cell><Cell ss:StyleID="s22"><Data ss:Type="String">(0.36)</Data></Cell><Cell ss:StyleID="s22"><Data ss:Type="String"></Data></Cell><Cell ss:StyleID="s22"><Data ss:Type="String"></Data></Cell><Cell ss:StyleID="s22"><Data ss:Type="String"></Data></Cell><Cell ss:StyleID="s22"><Data ss:Type="String"></Data></Cell><Cell ss:StyleID="s22"><Data ss:Type="String"></Data></Cell><Cell ss:StyleID="s22"><Data ss:Type="String"></Data></Cell><Cell ss:StyleID="s22"><Data ss:Type="String"></Data></Cell><Cell ss:StyleID="s22"><Data ss:Type="String"></Data></Cell><Cell ss:StyleID="s22"><Data ss:Type="String"></Data></Cell><Cell ss:StyleID="s22"><Data ss:Type="String"></Data></Cell><Cell ss:StyleID="s22"><Data ss:Type="String"></Data></Cell><Cell ss:StyleID="s22"><Data ss:Type="String"></Data></Cell><Cell ss:StyleID="s22"><Data ss:Type="String"></Data></Cell><Cell ss:StyleID="s22"><Data ss:Type="String"></Data></Cell><Cell ss:StyleID="s22"><Data ss:Type="String"></Data></Cell><Cell ss:StyleID="s22"><Data ss:Type="String"></Data></Cell></Row><Row><Cell ss:StyleID="s32"><Data ss:Type="String">bin_most_g</Data></Cell><Cell ss:StyleID="s22"><Data ss:Type="String"></Data></Cell><Cell ss:StyleID="s22"><Data ss:Type="String"></Data></Cell><Cell ss:StyleID="s22"><Data ss:Type="String"></Data></Cell><Cell ss:StyleID="s22"><Data ss:Type="String"></Data></Cell><Cell ss:StyleID="s22"><Data ss:Type="String"></Data></Cell><Cell ss:StyleID="s22"><Data ss:Type="String"></Data></Cell><Cell ss:StyleID="s22"><Data ss:Type="String"></Data></Cell><Cell ss:StyleID="s22"><Data ss:Type="String"></Data></Cell><Cell ss:StyleID="s22"><Data ss:Type="String">2.64*</Data></Cell><Cell ss:StyleID="s22"><Data ss:Type="String">3.11*</Data></Cell><Cell ss:StyleID="s22"><Data ss:Type="String">3.45*</Data></Cell><Cell ss:StyleID="s22"><Data ss:Type="String">2.44*</Data></Cell><Cell ss:StyleID="s22"><Data ss:Type="String">2.76*</Data></Cell><Cell ss:StyleID="s22"><Data ss:Type="String">2.58*</Data></Cell><Cell ss:StyleID="s22"><Data ss:Type="String">1.95*</Data></Cell><Cell ss:StyleID="s22"><Data ss:Type="String">3.83*</Data></Cell><Cell ss:StyleID="s22"><Data ss:Type="String"></Data></Cell><Cell ss:StyleID="s22"><Data ss:Type="String"></Data></Cell><Cell ss:StyleID="s22"><Data ss:Type="String"></Data></Cell><Cell ss:StyleID="s22"><Data ss:Type="String"></Data></Cell><Cell ss:StyleID="s22"><Data ss:Type="String"></Data></Cell><Cell ss:StyleID="s22"><Data ss:Type="String"></Data></Cell><Cell ss:StyleID="s22"><Data ss:Type="String"></Data></Cell><Cell ss:StyleID="s22"><Data ss:Type="String"></Data></Cell></Row><Row><Cell ss:StyleID="s32"><Data ss:Type="String"></Data></Cell><Cell ss:StyleID="s22"><Data ss:Type="String"></Data></Cell><Cell ss:StyleID="s22"><Data ss:Type="String"></Data></Cell><Cell ss:StyleID="s22"><Data ss:Type="String"></Data></Cell><Cell ss:StyleID="s22"><Data ss:Type="String"></Data></Cell><Cell ss:StyleID="s22"><Data ss:Type="String"></Data></Cell><Cell ss:StyleID="s22"><Data ss:Type="String"></Data></Cell><Cell ss:StyleID="s22"><Data ss:Type="String"></Data></Cell><Cell ss:StyleID="s22"><Data ss:Type="String"></Data></Cell><Cell ss:StyleID="s22"><Data ss:Type="String">(0.65)</Data></Cell><Cell ss:StyleID="s22"><Data ss:Type="String">(0.62)</Data></Cell><Cell ss:StyleID="s22"><Data ss:Type="String">(0.52)</Data></Cell><Cell ss:StyleID="s22"><Data ss:Type="String">(0.51)</Data></Cell><Cell ss:StyleID="s22"><Data ss:Type="String">(0.40)</Data></Cell><Cell ss:StyleID="s22"><Data ss:Type="String">(0.61)</Data></Cell><Cell ss:StyleID="s22"><Data ss:Type="String">(0.80)</Data></Cell><Cell ss:StyleID="s22"><Data ss:Type="String">(0.62)</Data></Cell><Cell ss:StyleID="s22"><Data ss:Type="String"></Data></Cell><Cell ss:StyleID="s22"><Data ss:Type="String"></Data></Cell><Cell ss:StyleID="s22"><Data ss:Type="String"></Data></Cell><Cell ss:StyleID="s22"><Data ss:Type="String"></Data></Cell><Cell ss:StyleID="s22"><Data ss:Type="String"></Data></Cell><Cell ss:StyleID="s22"><Data ss:Type="String"></Data></Cell><Cell ss:StyleID="s22"><Data ss:Type="String"></Data></Cell><Cell ss:StyleID="s22"><Data ss:Type="String"></Data></Cell></Row><Row><Cell ss:StyleID="s32"><Data ss:Type="String">bin_most_u</Data></Cell><Cell ss:StyleID="s22"><Data ss:Type="String"></Data></Cell><Cell ss:StyleID="s22"><Data ss:Type="String"></Data></Cell><Cell ss:StyleID="s22"><Data ss:Type="String"></Data></Cell><Cell ss:StyleID="s22"><Data ss:Type="String"></Data></Cell><Cell ss:StyleID="s22"><Data ss:Type="String"></Data></Cell><Cell ss:StyleID="s22"><Data ss:Type="String"></Data></Cell><Cell ss:StyleID="s22"><Data ss:Type="String"></Data></Cell><Cell ss:StyleID="s22"><Data ss:Type="String"></Data></Cell><Cell ss:StyleID="s22"><Data ss:Type="String"></Data></Cell><Cell ss:StyleID="s22"><Data ss:Type="String"></Data></Cell><Cell ss:StyleID="s22"><Data ss:Type="String"></Data></Cell><Cell ss:StyleID="s22"><Data ss:Type="String"></Data></Cell><Cell ss:StyleID="s22"><Data ss:Type="String"></Data></Cell><Cell ss:StyleID="s22"><Data ss:Type="String"></Data></Cell><Cell ss:StyleID="s22"><Data ss:Type="String"></Data></Cell><Cell ss:StyleID="s22"><Data ss:Type="String"></Data></Cell><Cell ss:StyleID="s22"><Data ss:Type="String">3.24*</Data></Cell><Cell ss:StyleID="s22"><Data ss:Type="String">2.76*</Data></Cell><Cell ss:StyleID="s22"><Data ss:Type="String">3.44*</Data></Cell><Cell ss:StyleID="s22"><Data ss:Type="String">1.63*</Data></Cell><Cell ss:StyleID="s22"><Data ss:Type="String">1.66*</Data></Cell><Cell ss:StyleID="s22"><Data ss:Type="String">0.75</Data></Cell><Cell ss:StyleID="s22"><Data ss:Type="String">3.06*</Data></Cell><Cell ss:StyleID="s22"><Data ss:Type="String">2.96*</Data></Cell></Row><Row><Cell ss:StyleID="s32"><Data ss:Type="String"></Data></Cell><Cell ss:StyleID="s22"><Data ss:Type="String"></Data></Cell><Cell ss:StyleID="s22"><Data ss:Type="String"></Data></Cell><Cell ss:StyleID="s22"><Data ss:Type="String"></Data></Cell><Cell ss:StyleID="s22"><Data ss:Type="String"></Data></Cell><Cell ss:StyleID="s22"><Data ss:Type="String"></Data></Cell><Cell ss:StyleID="s22"><Data ss:Type="String"></Data></Cell><Cell ss:StyleID="s22"><Data ss:Type="String"></Data></Cell><Cell ss:StyleID="s22"><Data ss:Type="String"></Data></Cell><Cell ss:StyleID="s22"><Data ss:Type="String"></Data></Cell><Cell ss:StyleID="s22"><Data ss:Type="String"></Data></Cell><Cell ss:StyleID="s22"><Data ss:Type="String"></Data></Cell><Cell ss:StyleID="s22"><Data ss:Type="String"></Data></Cell><Cell ss:StyleID="s22"><Data ss:Type="String"></Data></Cell><Cell ss:StyleID="s22"><Data ss:Type="String"></Data></Cell><Cell ss:StyleID="s22"><Data ss:Type="String"></Data></Cell><Cell ss:StyleID="s22"><Data ss:Type="String"></Data></Cell><Cell ss:StyleID="s22"><Data ss:Type="String">(0.48)</Data></Cell><Cell ss:StyleID="s22"><Data ss:Type="String">(0.51)</Data></Cell><Cell ss:StyleID="s22"><Data ss:Type="String">(0.32)</Data></Cell><Cell ss:StyleID="s22"><Data ss:Type="String">(0.64)</Data></Cell><Cell ss:StyleID="s22"><Data ss:Type="String">(0.40)</Data></Cell><Cell ss:StyleID="s22"><Data ss:Type="String">(0.94)</Data></Cell><Cell ss:StyleID="s22"><Data ss:Type="String">(0.69)</Data></Cell><Cell ss:StyleID="s22"><Data ss:Type="String">(1.08)</Data></Cell></Row><Row><Cell ss:StyleID="s32"><Data ss:Type="String">Constant</Data></Cell><Cell ss:StyleID="s22"><Data ss:Type="String">5.72*</Data></Cell><Cell ss:StyleID="s22"><Data ss:Type="String">5.00*</Data></Cell><Cell ss:StyleID="s22"><Data ss:Type="String">5.14*</Data></Cell><Cell ss:StyleID="s22"><Data ss:Type="String">5.30*</Data></Cell><Cell ss:StyleID="s22"><Data ss:Type="String">5.13*</Data></Cell><Cell ss:StyleID="s22"><Data ss:Type="String">4.92*</Data></Cell><Cell ss:StyleID="s22"><Data ss:Type="String">4.40*</Data></Cell><Cell ss:StyleID="s22"><Data ss:Type="String">4.67*</Data></Cell><Cell ss:StyleID="s22"><Data ss:Type="String">6.14*</Data></Cell><Cell ss:StyleID="s22"><Data ss:Type="String">6.60*</Data></Cell><Cell ss:StyleID="s22"><Data ss:Type="String">5.81*</Data></Cell><Cell ss:StyleID="s22"><Data ss:Type="String">6.35*</Data></Cell><Cell ss:StyleID="s22"><Data ss:Type="String">5.39*</Data></Cell><Cell ss:StyleID="s22"><Data ss:Type="String">5.97*</Data></Cell><Cell ss:StyleID="s22"><Data ss:Type="String">5.27*</Data></Cell><Cell ss:StyleID="s22"><Data ss:Type="String">4.83*</Data></Cell><Cell ss:StyleID="s22"><Data ss:Type="String">5.91*</Data></Cell><Cell ss:StyleID="s22"><Data ss:Type="String">5.66*</Data></Cell><Cell ss:StyleID="s22"><Data ss:Type="String">5.63*</Data></Cell><Cell ss:StyleID="s22"><Data ss:Type="String">5.78*</Data></Cell><Cell ss:StyleID="s22"><Data ss:Type="String">5.24*</Data></Cell><Cell ss:StyleID="s22"><Data ss:Type="String">5.03*</Data></Cell><Cell ss:StyleID="s22"><Data ss:Type="String">5.17*</Data></Cell><Cell ss:StyleID="s22"><Data ss:Type="String">5.51*</Data></Cell></Row><Row><Cell ss:StyleID="s32"><Data ss:Type="String"></Data></Cell><Cell ss:StyleID="s22"><Data ss:Type="String">(0.41)</Data></Cell><Cell ss:StyleID="s22"><Data ss:Type="String">(0.33)</Data></Cell><Cell ss:StyleID="s22"><Data ss:Type="String">(0.50)</Data></Cell><Cell ss:StyleID="s22"><Data ss:Type="String">(0.36)</Data></Cell><Cell ss:StyleID="s22"><Data ss:Type="String">(0.43)</Data></Cell><Cell ss:StyleID="s22"><Data ss:Type="String">(0.33)</Data></Cell><Cell ss:StyleID="s22"><Data ss:Type="String">(0.43)</Data></Cell><Cell ss:StyleID="s22"><Data ss:Type="String">(0.33)</Data></Cell><Cell ss:StyleID="s22"><Data ss:Type="String">(0.43)</Data></Cell><Cell ss:StyleID="s22"><Data ss:Type="String">(0.43)</Data></Cell><Cell ss:StyleID="s22"><Data ss:Type="String">(0.47)</Data></Cell><Cell ss:StyleID="s22"><Data ss:Type="String">(0.44)</Data></Cell><Cell ss:StyleID="s22"><Data ss:Type="String">(0.43)</Data></Cell><Cell ss:StyleID="s22"><Data ss:Type="String">(0.46)</Data></Cell><Cell ss:StyleID="s22"><Data ss:Type="String">(0.56)</Data></Cell><Cell ss:StyleID="s22"><Data ss:Type="String">(0.46)</Data></Cell><Cell ss:StyleID="s22"><Data ss:Type="String">(0.49)</Data></Cell><Cell ss:StyleID="s22"><Data ss:Type="String">(0.27)</Data></Cell><Cell ss:StyleID="s22"><Data ss:Type="String">(0.37)</Data></Cell><Cell ss:StyleID="s22"><Data ss:Type="String">(0.44)</Data></Cell><Cell ss:StyleID="s22"><Data ss:Type="String">(0.55)</Data></Cell><Cell ss:StyleID="s22"><Data ss:Type="String">(0.66)</Data></Cell><Cell ss:StyleID="s22"><Data ss:Type="String">(0.41)</Data></Cell><Cell ss:StyleID="s22"><Data ss:Type="String">(0.64)</Data></Cell></Row><Row><Cell ss:StyleID="s32"><Data ss:Type="String"></Data></Cell><Cell ss:StyleID="s22"><Data ss:Type="String"></Data></Cell><Cell ss:StyleID="s22"><Data ss:Type="String"></Data></Cell><Cell ss:StyleID="s22"><Data ss:Type="String"></Data></Cell><Cell ss:StyleID="s22"><Data ss:Type="String"></Data></Cell><Cell ss:StyleID="s22"><Data ss:Type="String"></Data></Cell><Cell ss:StyleID="s22"><Data ss:Type="String"></Data></Cell><Cell ss:StyleID="s22"><Data ss:Type="String"></Data></Cell><Cell ss:StyleID="s22"><Data ss:Type="String"></Data></Cell><Cell ss:StyleID="s22"><Data ss:Type="String"></Data></Cell><Cell ss:StyleID="s22"><Data ss:Type="String"></Data></Cell><Cell ss:StyleID="s22"><Data ss:Type="String"></Data></Cell><Cell ss:StyleID="s22"><Data ss:Type="String"></Data></Cell><Cell ss:StyleID="s22"><Data ss:Type="String"></Data></Cell><Cell ss:StyleID="s22"><Data ss:Type="String"></Data></Cell><Cell ss:StyleID="s22"><Data ss:Type="String"></Data></Cell><Cell ss:StyleID="s22"><Data ss:Type="String"></Data></Cell><Cell ss:StyleID="s22"><Data ss:Type="String"></Data></Cell><Cell ss:StyleID="s22"><Data ss:Type="String"></Data></Cell><Cell ss:StyleID="s22"><Data ss:Type="String"></Data></Cell><Cell ss:StyleID="s22"><Data ss:Type="String"></Data></Cell><Cell ss:StyleID="s22"><Data ss:Type="String"></Data></Cell><Cell ss:StyleID="s22"><Data ss:Type="String"></Data></Cell><Cell ss:StyleID="s22"><Data ss:Type="String"></Data></Cell><Cell ss:StyleID="s22"><Data ss:Type="String"></Data></Cell></Row><Row><Cell ss:StyleID="s32"><Data ss:Type="String">Observations</Data></Cell><Cell ss:StyleID="s22"><Data ss:Type="String">392</Data></Cell><Cell ss:StyleID="s22"><Data ss:Type="String">408</Data></Cell><Cell ss:StyleID="s22"><Data ss:Type="String">388</Data></Cell><Cell ss:StyleID="s22"><Data ss:Type="String">370</Data></Cell><Cell ss:StyleID="s22"><Data ss:Type="String">367</Data></Cell><Cell ss:StyleID="s22"><Data ss:Type="String">345</Data></Cell><Cell ss:StyleID="s22"><Data ss:Type="String">284</Data></Cell><Cell ss:StyleID="s22"><Data ss:Type="String">191</Data></Cell><Cell ss:StyleID="s22"><Data ss:Type="String">491</Data></Cell><Cell ss:StyleID="s22"><Data ss:Type="String">491</Data></Cell><Cell ss:StyleID="s22"><Data ss:Type="String">451</Data></Cell><Cell ss:StyleID="s22"><Data ss:Type="String">463</Data></Cell><Cell ss:StyleID="s22"><Data ss:Type="String">446</Data></Cell><Cell ss:StyleID="s22"><Data ss:Type="String">409</Data></Cell><Cell ss:StyleID="s22"><Data ss:Type="String">323</Data></Cell><Cell ss:StyleID="s22"><Data ss:Type="String">168</Data></Cell><Cell ss:StyleID="s22"><Data ss:Type="String">176</Data></Cell><Cell ss:StyleID="s22"><Data ss:Type="String">173</Data></Cell><Cell ss:StyleID="s22"><Data ss:Type="String">163</Data></Cell><Cell ss:StyleID="s22"><Data ss:Type="String">162</Data></Cell><Cell ss:StyleID="s22"><Data ss:Type="String">144</Data></Cell><Cell ss:StyleID="s22"><Data ss:Type="String">131</Data></Cell><Cell ss:StyleID="s22"><Data ss:Type="String">89</Data></Cell><Cell ss:StyleID="s22"><Data ss:Type="String">46</Data></Cell></Row><Row><Cell ss:StyleID="s32"><Data ss:Type="String">R-squared</Data></Cell><Cell ss:StyleID="s22"><Data ss:Type="String">0.10</Data></Cell><Cell ss:StyleID="s22"><Data ss:Type="String">0.11</Data></Cell><Cell ss:StyleID="s22"><Data ss:Type="String">0.11</Data></Cell><Cell ss:StyleID="s22"><Data ss:Type="String">0.04</Data></Cell><Cell ss:StyleID="s22"><Data ss:Type="String">0.06</Data></Cell><Cell ss:StyleID="s22"><Data ss:Type="String">0.04</Data></Cell><Cell ss:StyleID="s22"><Data ss:Type="String">0.14</Data></Cell><Cell ss:StyleID="s22"><Data ss:Type="String">0.24</Data></Cell><Cell ss:StyleID="s22"><Data ss:Type="String">0.06</Data></Cell><Cell ss:StyleID="s22"><Data ss:Type="String">0.10</Data></Cell><Cell ss:StyleID="s22"><Data ss:Type="String">0.12</Data></Cell><Cell ss:StyleID="s22"><Data ss:Type="String">0.04</Data></Cell><Cell ss:StyleID="s22"><Data ss:Type="String">0.09</Data></Cell><Cell ss:StyleID="s22"><Data ss:Type="String">0.08</Data></Cell><Cell ss:StyleID="s22"><Data ss:Type="String">0.03</Data></Cell><Cell ss:StyleID="s22"><Data ss:Type="String">0.24</Data></Cell><Cell ss:StyleID="s22"><Data ss:Type="String">0.23</Data></Cell><Cell ss:StyleID="s22"><Data ss:Type="String">0.18</Data></Cell><Cell ss:StyleID="s22"><Data ss:Type="String">0.29</Data></Cell><Cell ss:StyleID="s22"><Data ss:Type="String">0.09</Data></Cell><Cell ss:StyleID="s22"><Data ss:Type="String">0.12</Data></Cell><Cell ss:StyleID="s22"><Data ss:Type="String">0.01</Data></Cell><Cell ss:StyleID="s22"><Data ss:Type="String">0.26</Data></Cell><Cell ss:StyleID="s22"><Data ss:Type="String">0.25</Data></Cell></Row><Row><Cell ss:StyleID="s32"><Data ss:Type="String">TFE</Data></Cell><Cell ss:StyleID="s22"><Data ss:Type="String">yes</Data></Cell><Cell ss:StyleID="s22"><Data ss:Type="String">yes</Data></Cell><Cell ss:StyleID="s22"><Data ss:Type="String">yes</Data></Cell><Cell ss:StyleID="s22"><Data ss:Type="String">yes</Data></Cell><Cell ss:StyleID="s22"><Data ss:Type="String">yes</Data></Cell><Cell ss:StyleID="s22"><Data ss:Type="String">yes</Data></Cell><Cell ss:StyleID="s22"><Data ss:Type="String">yes</Data></Cell><Cell ss:StyleID="s22"><Data ss:Type="String">yes</Data></Cell><Cell ss:StyleID="s22"><Data ss:Type="String">yes</Data></Cell><Cell ss:StyleID="s22"><Data ss:Type="String">yes</Data></Cell><Cell ss:StyleID="s22"><Data ss:Type="String">yes</Data></Cell><Cell ss:StyleID="s22"><Data ss:Type="String">yes</Data></Cell><Cell ss:StyleID="s22"><Data ss:Type="String">yes</Data></Cell><Cell ss:StyleID="s22"><Data ss:Type="String">yes</Data></Cell><Cell ss:StyleID="s22"><Data ss:Type="String">yes</Data></Cell><Cell ss:StyleID="s22"><Data ss:Type="String">yes</Data></Cell><Cell ss:StyleID="s22"><Data ss:Type="String">yes</Data></Cell><Cell ss:StyleID="s22"><Data ss:Type="String">yes</Data></Cell><Cell ss:StyleID="s22"><Data ss:Type="String">yes</Data></Cell><Cell ss:StyleID="s22"><Data ss:Type="String">yes</Data></Cell><Cell ss:StyleID="s22"><Data ss:Type="String">yes</Data></Cell><Cell ss:StyleID="s22"><Data ss:Type="String">yes</Data></Cell><Cell ss:StyleID="s22"><Data ss:Type="String">yes</Data></Cell><Cell ss:StyleID="s22"><Data ss:Type="String">yes</Data></Cell></Row><Row><Cell ss:StyleID="s33"><Data ss:Type="String">Share non-rounders</Data></Cell><Cell ss:StyleID="s23"><Data ss:Type="String">2.24</Data></Cell><Cell ss:StyleID="s23"><Data ss:Type="String">2.91</Data></Cell><Cell ss:StyleID="s23"><Data ss:Type="String">2.68</Data></Cell><Cell ss:StyleID="s23"><Data ss:Type="String">2.11</Data></Cell><Cell ss:StyleID="s23"><Data ss:Type="String">2.75</Data></Cell><Cell ss:StyleID="s23"><Data ss:Type="String">2.72</Data></Cell><Cell ss:StyleID="s23"><Data ss:Type="String">3.77</Data></Cell><Cell ss:StyleID="s23"><Data ss:Type="String">2.59</Data></Cell><Cell ss:StyleID="s23"><Data ss:Type="String">3.68</Data></Cell><Cell ss:StyleID="s23"><Data ss:Type="String">3.40</Data></Cell><Cell ss:StyleID="s23"><Data ss:Type="String">3.67</Data></Cell><Cell ss:StyleID="s23"><Data ss:Type="String">3.21</Data></Cell><Cell ss:StyleID="s23"><Data ss:Type="String">3.99</Data></Cell><Cell ss:StyleID="s23"><Data ss:Type="String">3.50</Data></Cell><Cell ss:StyleID="s23"><Data ss:Type="String">4.25</Data></Cell><Cell ss:StyleID="s23"><Data ss:Type="String">4.12</Data></Cell><Cell ss:StyleID="s23"><Data ss:Type="String">6.46</Data></Cell><Cell ss:StyleID="s23"><Data ss:Type="String">6.67</Data></Cell><Cell ss:StyleID="s23"><Data ss:Type="String">6.61</Data></Cell><Cell ss:StyleID="s23"><Data ss:Type="String">5.30</Data></Cell><Cell ss:StyleID="s23"><Data ss:Type="String">6.98</Data></Cell><Cell ss:StyleID="s23"><Data ss:Type="String">5.18</Data></Cell><Cell ss:StyleID="s23"><Data ss:Type="String">5.91</Data></Cell><Cell ss:StyleID="s23"><Data ss:Type="String">4.72</Data></Cell></Row><Row><Cell ss:StyleID="s24"><Data ss:Type="String">Standard errors in parentheses</Data></Cell></Row><Row><Cell ss:StyleID="s24"><Data ss:Type="String">* p&lt;0.05</Data></Cell></Row></Table><WorksheetOptions xmlns="urn:schemas-microsoft-com:office:excel"><ProtectedObjects>False</ProtectedObjects><ProtectedScenarios>False</ProtectedScenarios></WorksheetOptions></Worksheet></Workbook>